-- phpMyAdmin SQL Dump
-- version 4.1.14
-- http://www.phpmyadmin.net
--
-- Host: 127.0.0.1
-- Generation Time: Oct 31, 2015 at 07:51 PM
-- Server version: 5.6.17
-- PHP Version: 5.5.12

SET SQL_MODE = "NO_AUTO_VALUE_ON_ZERO";
SET time_zone = "+00:00";


/*!40101 SET @OLD_CHARACTER_SET_CLIENT=@@CHARACTER_SET_CLIENT */;
/*!40101 SET @OLD_CHARACTER_SET_RESULTS=@@CHARACTER_SET_RESULTS */;
/*!40101 SET @OLD_COLLATION_CONNECTION=@@COLLATION_CONNECTION */;
/*!40101 SET NAMES utf8 */;

--
-- Database: `smartbin_db1`
--

-- --------------------------------------------------------

--
-- Table structure for table `area`
--

CREATE TABLE IF NOT EXISTS `area` (
  `areaId` int(32) unsigned NOT NULL AUTO_INCREMENT,
  `AreaName` varchar(64) NOT NULL,
  `cityId` int(32) unsigned NOT NULL,
  PRIMARY KEY (`areaId`),
  KEY `cityId` (`cityId`)
) ENGINE=InnoDB  DEFAULT CHARSET=latin1 AUTO_INCREMENT=295 ;

--
-- Dumping data for table `area`
--

INSERT INTO `area` (`areaId`, `AreaName`, `cityId`) VALUES
(1, 'a f station yelahanka', 2),
(2, 'adugodi', 2),
(3, 'agara', 2),
(4, 'agram', 2),
(5, 'air force hospital', 2),
(6, 'amruthahalli', 2),
(7, 'anandnagar', 2),
(8, 'anekal', 2),
(9, 'anekalbazar', 2),
(10, 'arabic college', 2),
(11, 'aranya bhavan', 2),
(12, 'ashoknagar', 2),
(13, 'attibele', 2),
(14, 'attur', 2),
(15, 'austin town', 2),
(16, 'avalahalli', 2),
(17, 'avani sringeri mutt', 2),
(18, 'avenue road', 2),
(19, 'b sk ii stage', 2),
(20, 'bsf campus yelahanka', 2),
(21, 'bagalgunte', 2),
(22, 'bagalur', 2),
(23, 'balepete', 2),
(24, 'banashankari', 2),
(25, 'banashankari iii stage', 2),
(26, 'banaswadi', 2),
(27, 'bandikodigehalli', 2),
(28, 'bangalore airport', 2),
(29, 'bangalore bazaar', 2),
(30, 'bangalore city', 2),
(31, 'bangalore corporation building', 2),
(32, 'bangalore dist offices bldg', 2),
(33, 'bangalore fort', 2),
(34, 'bangalore sub fgn post', 2),
(35, 'bangalore.', 2),
(36, 'bannerghatta', 2),
(37, 'bannerghatta road', 2),
(38, 'bapujinagar', 2),
(39, 'basavanagudi', 2),
(40, 'basavaraja market', 2),
(41, 'basaveshwaranagar', 2),
(42, 'basaveswaranagar ii stage', 2),
(43, 'bellandur', 2),
(44, 'benson town', 2),
(45, 'bestamaranahalli', 2),
(46, 'bettahalsur', 2),
(47, 'bhashyam circle', 2),
(48, 'bhattarahalli', 2),
(49, 'bidaraguppe', 2),
(50, 'bidrahalli', 2),
(51, 'bnagalore viswavidalaya', 2),
(52, 'bommanahalli', 2),
(53, 'brigade road', 2),
(54, 'byatarayanapura', 2),
(55, 'c.v.raman nagar', 2),
(56, 'cmp centre and school', 2),
(57, 'crpf campus yelahanka', 2),
(58, 'cahmrajendrapet', 2),
(59, 'chamrajpet', 2),
(60, 'chamrajpet bazar', 2),
(61, 'chandra lay out', 2),
(62, 'chickpet', 2),
(63, 'chikkabettahalli', 2),
(64, 'chikkajala', 2),
(65, 'chikkalasandra', 2),
(66, 'chikkanahalli', 2),
(67, 'chunchanakuppe', 2),
(68, 'cubban road', 2),
(69, 'dasarahalli', 2),
(70, 'deepanjalinagar', 2),
(71, 'devanagundi', 2),
(72, 'devarjeevanahalli', 2),
(73, 'devasandra', 2),
(74, 'dharmaram college', 2),
(75, 'doddagubbi', 2),
(76, 'doddajala', 2),
(77, 'doddakallasandra', 2),
(78, 'doddanekkundi', 2),
(79, 'domlur', 2),
(80, 'dommasandra', 2),
(81, 'doorvaninagar', 2),
(82, 'dr. ambedkar veedhi', 2),
(83, 'electronics city', 2),
(84, 'fraser town', 2),
(85, 'g.k.v.k.', 2),
(86, 'gaviopuram extension', 2),
(87, 'gaviopuram guttanahalli', 2),
(88, 'gayathrinagar', 2),
(89, 'girinagar', 2),
(90, 'goraguntepalya', 2),
(91, 'goripalya', 2),
(92, 'governmemnt electric factory', 2),
(93, 'govindapalya', 2),
(94, 'gunjur', 2),
(95, 'h m t', 2),
(96, 'h.a. farm', 2),
(97, 'h.a.l ii stage', 2),
(98, 'h.k.p. road', 2),
(99, 'hsr layout', 2),
(100, 'hampinagar', 2),
(101, 'handenahalli', 2),
(102, 'harogadde', 2),
(103, 'hebbal', 2),
(104, 'hennagara', 2),
(105, 'highcourt', 2),
(106, 'hongasandra', 2),
(107, 'hoodi', 2),
(108, 'horamavu', 2),
(109, 'hosakerehalli', 2),
(110, 'hosur road', 2),
(111, 'hulimangala', 2),
(112, 'hulimavu', 2),
(113, 'hulsur bazaar', 2),
(114, 'hunasamaranahalli', 2),
(115, 'isro anthariksha bhavan', 2),
(116, 'immedihalli', 2),
(117, 'indalavadi', 2),
(118, 'indiranagar', 2),
(119, 'indiranagar com. complex', 2),
(120, 'industrial estate', 2),
(121, 'ittamadu layout', 2),
(122, 'j p nagar', 2),
(123, 'j.c.nagar', 2),
(124, 'jakkur', 2),
(125, 'jalahalli', 2),
(126, 'jalahalli east', 2),
(127, 'jalahalli village', 2),
(128, 'jalahalli west', 2),
(129, 'jalavayuvihar', 2),
(130, 'jayanagar', 2),
(131, 'jayanagar west', 2),
(132, 'jayangar east', 2),
(133, 'jayangar iii block', 2),
(134, 'jeevanahalli', 2),
(135, 'jeevanbhimanagar', 2),
(136, 'jigani', 2),
(137, 'jp nagar iii phase', 2),
(138, 'k h b colony', 2),
(139, 'k. g. road', 2),
(140, 'k.p.west', 2),
(141, 'kacharakanahalli', 2),
(142, 'kadabagere', 2),
(143, 'kadugodi', 2),
(144, 'kalkunte', 2),
(145, 'kalyanagar', 2),
(146, 'kamagondanahalli', 2),
(147, 'kamakshipalya', 2),
(148, 'kannamangala', 2),
(149, 'kannur', 2),
(150, 'kanteeravanagar', 2),
(151, 'kathriguppe', 2),
(152, 'kenchanahalli', 2),
(153, 'kendriya sadan', 2),
(154, 'kendriya vihar', 2),
(155, 'kodigehalli', 2),
(156, 'konanakunte', 2),
(157, 'koramangala', 2),
(158, 'koramangala i block', 2),
(159, 'koramangala vi bk', 2),
(160, 'kothanur', 2),
(161, 'krishnarajapuram', 2),
(162, 'krishnarajapuram r s', 2),
(163, 'kugur', 2),
(164, 'kumaraswamy layout', 2),
(165, 'kumbalgodu', 2),
(166, 'kundalahalli', 2),
(167, 'lalbagh west', 2),
(168, 'legislators home', 2),
(169, 'lingarajapuram', 2),
(170, 'm s r road', 2),
(171, 'madhavan park', 2),
(172, 'madivala', 2),
(173, 'magadi road', 2),
(174, 'mahadevapura', 2),
(175, 'mahalakshmipuram layout', 2),
(176, 'mahatma gandhi road', 2),
(177, 'malkand lines', 2),
(178, 'mallathahalli', 2),
(179, 'malleswaram', 2),
(180, 'malleswaram west', 2),
(181, 'mandalay lines', 2),
(182, 'marathahalli', 2),
(183, 'marsur', 2),
(184, 'maruthi sevanagar', 2),
(185, 'mathikere', 2),
(186, 'mavalli', 2),
(187, 'mayasandra', 2),
(188, 'medihalli', 2),
(189, 'medimallasandra', 2),
(190, 'mico layout', 2),
(191, 'milk colony', 2),
(192, 'mount st joseph', 2),
(193, 'msrit', 2),
(194, 'mundur', 2),
(195, 'museum road', 2),
(196, 'muthanallur', 2),
(197, 'muthusandra', 2),
(198, 'nal', 2),
(199, 'naduvathi', 2),
(200, 'nagarbhavi', 2),
(201, 'nagasandra', 2),
(202, 'nagavara', 2),
(203, 'nandinilayout', 2),
(204, 'narasimharaja colony', 2),
(205, 'narasimjharaja road', 2),
(206, 'narayan pillai street', 2),
(207, 'nayandahalli', 2),
(208, 'neralur', 2),
(209, 'new tharaggupet', 2),
(210, 'new thippasandra', 2),
(211, 'okalipuram', 2),
(212, 'p&t col. kavalbyrasandra', 2),
(213, 'padmanabhnagar', 2),
(214, 'palace guttahalli', 2),
(215, 'panathur', 2),
(216, 'pasmpamahakavi road', 2),
(217, 'peenya i stage', 2),
(218, 'peenya ii stage', 2),
(219, 'peenya small industries', 2),
(220, 'r t nagar', 2),
(221, 'r.m.v. extension ii stage', 2),
(222, 'rajajinagar', 2),
(223, 'rajajinagar i block', 2),
(224, 'rajajinagar ivth block', 2),
(225, 'rajanakunte', 2),
(226, 'rajarajeshwarinagar', 2),
(227, 'rajbhavan', 2),
(228, 'ramachandrapuram', 2),
(229, 'ramagondanahalli', 2),
(230, 'ramakrishna hegde nagar', 2),
(231, 'ramamurthy nagar', 2),
(232, 'rameshnagar', 2),
(233, 'richmond town', 2),
(234, 'rv niketan', 2),
(235, 'sadashivanagar', 2),
(236, 'sahakaranagar p.o', 2),
(237, 'samandur', 2),
(238, 'samethanahalli', 2),
(239, 'sampangiramnagar', 2),
(240, 'sarjapura', 2),
(241, 'science institute', 2),
(242, 'seshadripuram', 2),
(243, 'shankarpura', 2),
(244, 'shanthinagar', 2),
(245, 'sidihoskote', 2),
(246, 'singanayakanahalli', 2),
(247, 'sivan chetty gardens', 2),
(248, 'someswarapura', 2),
(249, 'sri jayachamarajendra road', 2),
(250, 'srirampuram', 2),
(251, 'st. john''s medical college', 2),
(252, 'st. thomas town', 2),
(253, 'state bank of mysore colony', 2),
(254, 'subhashnagar', 2),
(255, 'subramanyapura', 2),
(256, 'swimming pool extn', 2),
(257, 'tarahunise', 2),
(258, 'tavarekere', 2),
(259, 'taverekere', 2),
(260, 'thambuchetty palya', 2),
(261, 'thammanayakanahalli', 2),
(262, 'tilaknagar', 2),
(263, 'training command iaf', 2),
(264, 'tyagrajnagar', 2),
(265, 'ullalu upanagara', 2),
(266, 'vanakanahalli', 2),
(267, 'vartur', 2),
(268, 'vasanthnagar', 2),
(269, 'venkatarangapura', 2),
(270, 'venkateshapura', 2),
(271, 'vidhana soudha', 2),
(272, 'vidyanagara', 2),
(273, 'vidyaranyapura', 2),
(274, 'vijayanagar', 2),
(275, 'vijayanagar east', 2),
(276, 'vikramnagar', 2),
(277, 'vimapura', 2),
(278, 'virgonagar', 2),
(279, 'visveswarapuram', 2),
(280, 'viswaneedam', 2),
(281, 'vittalnagar', 2),
(282, 'viveknagar', 2),
(283, 'vyalikaval extn', 2),
(284, 'wheel and axle plant', 2),
(285, 'whitefield', 2),
(286, 'wilson garden', 2),
(287, 'yadavanahalli', 2),
(288, 'yediyur', 2),
(289, 'yelachenahalli', 2),
(290, 'yelahanka', 2),
(291, 'yelahanka satellite town', 2),
(292, 'yemalur', 2),
(293, 'yeshwanthpur bazar', 2),
(294, 'yeswanthpura', 2);

-- --------------------------------------------------------

--
-- Table structure for table `city`
--

CREATE TABLE IF NOT EXISTS `city` (
  `CityId` int(11) unsigned NOT NULL AUTO_INCREMENT,
  `Name` varchar(64) NOT NULL,
  `stateId` int(10) unsigned DEFAULT NULL,
  PRIMARY KEY (`CityId`),
  UNIQUE KEY `CityId` (`CityId`),
  KEY `fk_stateId` (`stateId`)
) ENGINE=InnoDB  DEFAULT CHARSET=latin1 AUTO_INCREMENT=3 ;

--
-- Dumping data for table `city`
--

INSERT INTO `city` (`CityId`, `Name`, `stateId`) VALUES
(2, 'bengaluru', 2);

-- --------------------------------------------------------

--
-- Table structure for table `destination`
--

CREATE TABLE IF NOT EXISTS `destination` (
  `destId` int(11) NOT NULL AUTO_INCREMENT,
  `latitude` double NOT NULL,
  `longitude` double NOT NULL,
  `wardId` int(32) unsigned NOT NULL,
  `destName` varchar(64) DEFAULT NULL,
  PRIMARY KEY (`destId`),
  KEY `destWard` (`wardId`)
) ENGINE=InnoDB  DEFAULT CHARSET=latin1 AUTO_INCREMENT=7 ;

--
-- Dumping data for table `destination`
--

INSERT INTO `destination` (`destId`, `latitude`, `longitude`, `wardId`, `destName`) VALUES
(1, 13.119278, 77.52468, 55, 'Mavallipura Landfill Site '),
(2, 12.961068, 77.641861, 56, 'Domlur Kartavya DWCC Below Domlur flyover'),
(3, 12.908136, 77.647608, 31, 'HSR Layout Kartavya DWCC Sector 1, next to Bangalore One Office'),
(6, 13.084239, 77.589164, 12, 'Yelahanka Kartavya DWCC Allalsandra 194');

-- --------------------------------------------------------

--
-- Table structure for table `smartbin`
--

CREATE TABLE IF NOT EXISTS `smartbin` (
  `BinId` int(32) unsigned NOT NULL AUTO_INCREMENT,
  `AreaId` int(32) unsigned NOT NULL,
  `Longitude` double NOT NULL,
  `Latitude` double NOT NULL,
  `Address` varchar(128) DEFAULT NULL,
  PRIMARY KEY (`BinId`),
  KEY `AreaId` (`AreaId`)
) ENGINE=InnoDB  DEFAULT CHARSET=latin1 AUTO_INCREMENT=89 ;

--
-- Dumping data for table `smartbin`
--

INSERT INTO `smartbin` (`BinId`, `AreaId`, `Longitude`, `Latitude`, `Address`) VALUES
(1, 52, 77.623541, 12.910673, 'Golden Heritage Apartments'),
(2, 52, 77.630748, 12.901162, 'Oxford Dental College'),
(3, 52, 77.623541, 12.910673, 'Laa Heritage Apartments Rupena Agrahara'),
(4, 52, 77.625473, 12.912057, 'Mahindra Showroom'),
(5, 106, 77.633761, 12.898035, 'Vasan Eye Care'),
(6, 106, 77.635531, 12.897178, 'Surya Nissan'),
(7, 106, 77.639329, 12.891656, 'Nandi Toyota'),
(8, 106, 77.637527, 12.891341, 'Ozone Manay Tech Park'),
(9, 106, 77.627742, 12.908199, 'ING Vyasa Bank'),
(10, 52, 77.626562, 12.909999, 'Ananda Honda'),
(11, 52, 77.624373, 12.914975, 'Aswad Hospital'),
(12, 52, 77.629641, 12.904885, 'eMids technologies'),
(13, 52, 77.63301, 12.901445, 'Robert Boach Engineering'),
(14, 182, 77.699709, 12.950068, 'Absolute Barbecque'),
(15, 182, 77.699625, 12.952855, 'Home Town'),
(16, 182, 77.700999, 12.958074, 'Syndicate Bank'),
(17, 182, 77.700816, 12.958979, 'Medivision ultrasound scan'),
(18, 182, 77.701836, 12.961677, 'ammi''s biriyani'),
(19, 182, 77.701752, 12.964592, 'Vasan eye care'),
(20, 182, 77.702423, 12.965836, 'neuron imaging'),
(21, 78, 77.700505, 12.969344, 'HDFC atm'),
(22, 78, 77.700618, 12.970214, 'Little Millenium'),
(23, 78, 77.700106, 12.972744, 'alpine eco road1'),
(24, 78, 77.701106, 12.972938, 'gateway supermarket'),
(25, 78, 77.70289, 12.973562, 'Noah tennis academy'),
(26, 78, 77.697893, 12.974819, 'Rainbow children''s hospital'),
(27, 78, 77.695731, 12.977436, 'SBI bank'),
(28, 78, 77.696627, 12.978594, 'Karthikeyan solutions'),
(29, 78, 77.69995, 12.978374, 'ferns city 2nd street'),
(30, 78, 77.700438, 12.978743, 'ferns city 3rd street'),
(31, 78, 77.700875, 12.979205, 'ferns city 4th street'),
(32, 78, 77.695076, 12.979597, 'Samsung'),
(33, 78, 77.693438, 12.981066, 'Firstchoice'),
(34, 78, 77.693186, 12.982595, 'mphasis'),
(35, 78, 77.692477, 12.983777, 'iron mountain'),
(36, 78, 77.691034, 12.986097, 'doddanekkundi road1'),
(37, 78, 77.690369, 12.987104, 'IOP'),
(38, 231, 77.678345, 13.018111, 'Papa john''s pizza'),
(39, 231, 77.678211, 13.017233, 'HDFC atm'),
(40, 231, 77.678543, 13.016405, 'SBM'),
(41, 231, 77.678407, 13.015728, 'Me meat and eat'),
(42, 231, 77.677833, 13.016169, 'Ramamurthy nagar 6th A cross'),
(43, 231, 77.677945, 13.016577, 'Ramamurthy nagar 7th cross'),
(44, 231, 77.677867, 13.015801, 'Ramamurthy nagar 5th A cross'),
(45, 231, 77.677352, 13.015375, 'Ramamurthy nagar 4th cross'),
(46, 231, 77.677551, 13.015106, 'Ramamurthy nagar 3rd cross'),
(47, 231, 77.677889, 13.014753, 'Ramamurthy nagar 2nd cross'),
(48, 231, 77.678224, 13.014857, 'Ramamurthy nagar 2nd A cross'),
(49, 231, 77.677854, 13.014541, 'Ramamurthy nagar 1st cross'),
(50, 231, 77.677664, 13.017826, 'Santala stores'),
(52, 52, 77.625473, 12.912057, 'Bin Update from ThingSpeak');

-- --------------------------------------------------------

--
-- Table structure for table `smartbinfilllevel`
--

CREATE TABLE IF NOT EXISTS `smartbinfilllevel` (
  `BinId` int(32) unsigned NOT NULL,
  `FillLevel` double unsigned NOT NULL,
  `TimeStamp` datetime NOT NULL,
  `isValid` int(8) NOT NULL,
  `EntryId` int(11) NOT NULL AUTO_INCREMENT,
  PRIMARY KEY (`EntryId`),
  UNIQUE KEY `EntryId` (`EntryId`),
  KEY `BinId` (`BinId`),
  KEY `BinId_2` (`BinId`)
) ENGINE=InnoDB  DEFAULT CHARSET=latin1 AUTO_INCREMENT=1758 ;

--
-- Dumping data for table `smartbinfilllevel`
--

INSERT INTO `smartbinfilllevel` (`BinId`, `FillLevel`, `TimeStamp`, `isValid`, `EntryId`) VALUES
(4, 75, '2015-09-27 12:52:35', 0, 5),
(5, 2, '2015-09-27 12:52:35', 0, 6),
(6, 3, '2015-09-27 12:52:35', 0, 7),
(7, 12, '2015-09-27 12:52:35', 0, 8),
(8, 16, '2015-09-27 12:52:35', 0, 9),
(2, 10, '2015-09-27 12:52:35', 0, 15),
(3, 29, '2015-09-27 12:52:35', 0, 16),
(9, 13, '2015-09-27 12:52:35', 0, 17),
(1, 3, '2015-09-27 12:52:35', 0, 29),
(2, 10, '2015-09-27 12:52:35', 0, 31),
(1, 3, '2015-09-27 12:52:35', 0, 39),
(2, 10, '2015-09-27 12:52:35', 0, 40),
(3, 29, '2015-09-27 12:52:35', 0, 41),
(4, 75, '2015-09-27 12:52:35', 0, 42),
(5, 22, '2015-09-27 12:52:35', 0, 43),
(6, 25, '2015-09-27 12:52:35', 0, 44),
(7, 24, '2015-09-27 12:52:35', 0, 45),
(8, 23, '2015-09-27 12:52:35', 0, 46),
(9, 21, '2015-09-27 12:52:35', 0, 47),
(1, 3, '2015-09-27 12:52:35', 0, 48),
(2, 10, '2015-09-27 12:52:35', 0, 49),
(3, 29, '2015-09-27 12:52:35', 0, 50),
(4, 75, '2015-09-27 12:52:35', 0, 51),
(5, 44, '2015-09-27 12:52:35', 0, 52),
(6, 36, '2015-09-27 12:52:35', 0, 53),
(7, 44, '2015-09-27 12:52:35', 0, 54),
(8, 36, '2015-09-27 12:52:35', 0, 55),
(9, 45, '2015-09-27 12:52:35', 0, 56),
(1, 3, '2015-09-27 12:52:35', 0, 57),
(2, 10, '2015-09-27 12:52:35', 0, 58),
(3, 29, '2015-09-27 12:52:35', 0, 59),
(4, 75, '2015-09-27 12:52:35', 0, 60),
(5, 50, '2015-09-27 12:52:35', 0, 61),
(6, 46, '2015-09-27 12:52:35', 0, 62),
(7, 49, '2015-09-27 12:52:35', 0, 63),
(8, 49, '2015-09-27 12:52:35', 0, 64),
(9, 47, '2015-09-27 12:52:35', 0, 65),
(1, 3, '2015-09-30 11:06:04', 0, 66),
(2, 10, '2015-09-30 11:06:04', 0, 67),
(3, 29, '2015-09-30 11:06:04', 0, 68),
(4, 75, '2015-09-30 11:06:04', 0, 69),
(5, 52, '2015-09-27 12:52:35', 0, 70),
(6, 55, '2015-09-27 12:52:35', 0, 71),
(7, 54, '2015-09-27 12:52:35', 0, 72),
(8, 51, '2015-09-27 12:52:35', 0, 73),
(9, 50, '2015-09-27 12:52:35', 0, 74),
(6, 66, '2015-09-30 11:06:04', 0, 75),
(7, 74, '2015-09-30 11:06:04', 0, 76),
(8, 72, '2015-09-30 11:06:04', 0, 77),
(9, 67, '2015-09-30 11:06:04', 0, 78),
(5, 75, '2015-09-30 11:06:04', 0, 79),
(10, 78, '2015-09-30 11:06:04', 0, 80),
(11, 6, '2015-09-30 11:06:04', 0, 81),
(13, 56, '2015-09-27 13:52:35', 0, 82),
(14, 21, '2015-09-27 13:52:35', 0, 83),
(15, 23, '2015-09-27 13:52:35', 0, 84),
(16, 0, '2015-09-27 13:52:35', 0, 85),
(17, 15, '2015-09-27 13:52:35', 0, 86),
(18, 20, '2015-09-27 13:52:35', 0, 87),
(19, 13, '2015-09-27 13:52:35', 0, 88),
(20, 15, '2015-09-27 13:52:35', 0, 89),
(21, 10, '2015-09-27 13:52:35', 0, 90),
(22, 0, '2015-09-27 13:52:35', 0, 91),
(23, 13, '2015-09-27 13:52:35', 0, 92),
(24, 18, '2015-09-27 13:52:35', 0, 93),
(25, 11, '2015-10-27 14:48:45', 0, 94),
(26, 2, '2015-10-27 14:48:55', 0, 95),
(27, 20, '2015-10-27 14:49:05', 0, 96),
(28, 12, '2015-10-27 14:49:15', 0, 97),
(29, 19, '2015-10-27 14:49:25', 0, 98),
(30, 0, '2015-10-27 14:49:35', 0, 99),
(31, 2, '2015-10-27 14:49:45', 0, 100),
(32, 0, '2015-10-27 14:49:55', 0, 101),
(33, 25, '2015-10-27 14:50:05', 0, 102),
(34, 12, '2015-10-27 14:50:15', 0, 103),
(35, 14, '2015-10-27 14:50:25', 0, 104),
(36, 0, '2015-10-27 14:50:35', 0, 105),
(37, 21, '2015-10-27 14:50:45', 0, 106),
(38, 12, '2015-10-27 14:50:55', 0, 107),
(39, 7, '2015-10-27 14:51:05', 0, 108),
(40, 11, '2015-10-27 14:51:15', 0, 109),
(41, 9, '2015-09-27 14:52:35', 0, 110),
(42, 1, '2015-09-27 14:52:35', 0, 111),
(43, 16, '2015-09-27 14:52:35', 0, 112),
(44, 3, '2015-09-27 14:52:35', 0, 113),
(45, 11, '2015-09-27 14:52:35', 0, 114),
(46, 9, '2015-09-27 14:52:35', 0, 115),
(47, 4, '2015-09-27 14:52:35', 0, 116),
(48, 0, '2015-09-27 14:52:35', 0, 117),
(49, 13, '2015-09-27 14:52:35', 0, 118),
(14, 27, '2015-10-27 15:00:14', 0, 119),
(15, 27, '2015-10-27 15:00:24', 0, 120),
(16, 28, '2015-10-27 15:00:34', 0, 121),
(17, 30, '2015-10-27 15:00:44', 0, 122),
(18, 29, '2015-10-27 15:00:54', 0, 123),
(19, 28, '2015-10-27 15:01:04', 0, 124),
(20, 29, '2015-10-27 15:01:14', 0, 125),
(21, 26, '2015-09-28 12:06:04', 0, 126),
(22, 27, '2015-09-28 12:06:04', 0, 127),
(23, 25, '2015-09-28 12:06:04', 0, 128),
(24, 30, '2015-09-28 12:06:04', 0, 129),
(25, 25, '2015-09-28 12:06:04', 0, 130),
(26, 28, '2015-09-28 12:06:04', 0, 131),
(27, 30, '2015-09-28 12:06:04', 0, 132),
(28, 27, '2015-09-28 12:06:04', 0, 133),
(29, 25, '2015-09-28 12:06:04', 0, 134),
(30, 29, '2015-09-28 12:06:04', 0, 135),
(31, 30, '2015-09-28 14:06:04', 0, 136),
(32, 30, '2015-09-28 14:06:04', 0, 137),
(33, 25, '2015-09-28 14:06:04', 0, 138),
(34, 27, '2015-09-28 14:06:04', 0, 139),
(35, 29, '2015-09-28 14:06:04', 0, 140),
(36, 30, '2015-09-28 14:06:04', 0, 141),
(37, 30, '2015-09-28 14:06:04', 0, 142),
(38, 28, '2015-09-28 14:06:04', 0, 143),
(39, 25, '2015-09-28 14:06:04', 0, 144),
(40, 27, '2015-09-28 14:06:04', 0, 145),
(41, 29, '2015-09-28 15:06:04', 0, 146),
(42, 26, '2015-09-28 15:06:04', 0, 147),
(43, 25, '2015-09-28 15:06:04', 0, 148),
(44, 28, '2015-09-28 15:06:04', 0, 149),
(45, 29, '2015-09-28 15:06:04', 0, 150),
(46, 28, '2015-09-28 15:06:04', 0, 151),
(47, 28, '2015-09-28 15:06:04', 0, 152),
(48, 25, '2015-09-28 15:06:04', 0, 153),
(49, 29, '2015-09-28 15:06:04', 0, 154),
(14, 46, '2015-10-27 15:18:14', 0, 155),
(15, 45, '2015-10-27 15:18:24', 0, 156),
(16, 35, '2015-10-27 15:18:34', 0, 157),
(17, 47, '2015-10-27 15:18:44', 0, 158),
(18, 38, '2015-10-27 15:18:54', 0, 159),
(19, 38, '2015-10-27 15:19:04', 0, 160),
(20, 49, '2015-10-27 15:19:14', 0, 161),
(21, 43, '2015-09-29 12:06:04', 0, 162),
(22, 49, '2015-09-29 12:06:04', 0, 163),
(23, 45, '2015-09-29 12:06:04', 0, 164),
(24, 43, '2015-09-29 12:06:04', 0, 165),
(25, 36, '2015-09-29 12:06:04', 0, 166),
(26, 47, '2015-09-29 12:06:04', 0, 167),
(27, 50, '2015-09-29 12:06:04', 0, 168),
(28, 45, '2015-09-29 12:06:04', 0, 169),
(29, 41, '2015-09-29 12:06:04', 0, 170),
(30, 39, '2015-09-29 12:06:04', 0, 171),
(31, 40, '2015-09-29 14:06:04', 0, 172),
(32, 43, '2015-09-29 14:06:04', 0, 173),
(33, 37, '2015-09-29 14:06:04', 0, 174),
(34, 49, '2015-09-29 14:06:04', 0, 175),
(35, 45, '2015-09-29 14:06:04', 0, 176),
(36, 39, '2015-09-29 14:06:04', 0, 177),
(37, 36, '2015-09-29 14:06:04', 0, 178),
(38, 50, '2015-09-29 14:06:04', 0, 179),
(39, 38, '2015-09-29 14:06:04', 0, 180),
(40, 42, '2015-09-29 14:06:04', 0, 181),
(41, 44, '2015-09-29 15:06:04', 0, 182),
(42, 48, '2015-09-29 15:06:04', 0, 183),
(43, 49, '2015-09-29 15:06:04', 0, 184),
(44, 43, '2015-09-29 15:06:04', 0, 185),
(45, 44, '2015-09-29 15:06:04', 0, 186),
(46, 39, '2015-09-29 15:06:04', 0, 187),
(47, 45, '2015-09-29 15:06:04', 0, 188),
(48, 50, '2015-09-29 15:06:04', 0, 189),
(49, 39, '2015-09-29 15:06:04', 0, 190),
(14, 74, '2015-10-27 15:25:23', 0, 191),
(15, 57, '2015-10-27 15:25:33', 0, 192),
(16, 56, '2015-10-27 15:25:43', 0, 193),
(17, 60, '2015-10-27 15:25:53', 0, 194),
(18, 67, '2015-10-27 15:26:03', 0, 195),
(19, 73, '2015-10-27 15:26:13', 0, 196),
(20, 63, '2015-10-27 15:26:23', 0, 197),
(21, 66, '2015-09-29 12:06:04', 0, 198),
(22, 65, '2015-09-29 12:06:04', 0, 199),
(23, 68, '2015-09-29 12:06:04', 0, 200),
(24, 75, '2015-09-29 12:06:04', 0, 201),
(25, 64, '2015-09-29 12:06:04', 0, 202),
(26, 65, '2015-09-29 12:06:04', 0, 203),
(27, 50, '2015-09-29 12:06:04', 0, 204),
(28, 67, '2015-09-29 12:06:04', 0, 205),
(29, 73, '2015-09-29 12:06:04', 0, 206),
(30, 50, '2015-09-29 12:06:04', 0, 207),
(31, 53, '2015-09-29 14:06:04', 0, 208),
(32, 58, '2015-09-29 14:06:04', 0, 209),
(33, 70, '2015-09-29 14:06:04', 0, 210),
(34, 65, '2015-09-29 14:06:04', 0, 211),
(35, 63, '2015-09-29 14:06:04', 0, 212),
(36, 63, '2015-09-29 14:06:04', 0, 213),
(37, 71, '2015-09-29 14:06:04', 0, 214),
(38, 51, '2015-09-29 14:06:04', 0, 215),
(39, 57, '2015-09-29 14:06:04', 0, 216),
(40, 53, '2015-09-29 14:06:04', 0, 217),
(41, 65, '2015-09-29 15:06:04', 0, 218),
(42, 66, '2015-09-29 15:06:04', 0, 219),
(43, 57, '2015-09-29 15:06:04', 0, 220),
(44, 66, '2015-09-29 15:06:04', 0, 221),
(45, 50, '2015-09-29 15:06:04', 0, 222),
(46, 52, '2015-09-29 15:06:04', 0, 223),
(47, 66, '2015-09-29 15:06:04', 0, 224),
(48, 55, '2015-09-29 15:06:04', 0, 225),
(49, 67, '2015-09-29 15:06:04', 0, 226),
(50, 72, '2015-09-29 15:06:04', 0, 227),
(14, 81, '2015-10-27 15:35:44', 0, 228),
(15, 85, '2015-10-27 15:35:54', 0, 229),
(16, 90, '2015-10-27 15:36:04', 0, 230),
(17, 83, '2015-10-27 15:36:14', 0, 231),
(18, 93, '2015-10-27 15:36:24', 0, 232),
(19, 83, '2015-10-27 15:36:34', 0, 233),
(20, 88, '2015-10-27 15:36:44', 0, 234),
(21, 89, '2015-09-30 12:06:04', 0, 235),
(22, 91, '2015-09-30 12:06:04', 0, 236),
(23, 77, '2015-09-30 12:06:04', 0, 237),
(24, 80, '2015-09-30 12:06:04', 0, 238),
(25, 78, '2015-09-30 12:06:04', 0, 239),
(26, 78, '2015-09-30 12:06:04', 0, 240),
(27, 90, '2015-09-30 12:06:04', 0, 241),
(28, 88, '2015-09-30 12:06:04', 0, 242),
(29, 76, '2015-09-30 12:06:04', 0, 243),
(30, 84, '2015-09-30 12:06:04', 0, 244),
(31, 85, '2015-09-30 14:06:04', 0, 245),
(32, 88, '2015-09-30 14:06:04', 0, 246),
(33, 85, '2015-09-30 14:06:04', 0, 247),
(34, 91, '2015-09-30 14:06:04', 0, 248),
(35, 75, '2015-09-30 14:06:04', 0, 249),
(36, 87, '2015-09-30 14:06:04', 0, 250),
(37, 83, '2015-09-30 14:06:04', 0, 251),
(38, 81, '2015-09-30 14:06:04', 0, 252),
(39, 82, '2015-09-30 14:06:04', 0, 253),
(40, 78, '2015-09-30 14:06:04', 0, 254),
(41, 94, '2015-09-30 15:06:04', 0, 255),
(42, 94, '2015-09-30 15:06:04', 0, 256),
(43, 86, '2015-09-30 15:06:04', 0, 257),
(44, 94, '2015-09-30 15:06:04', 0, 258),
(45, 94, '2015-09-30 15:06:04', 0, 259),
(46, 92, '2015-09-30 15:06:04', 0, 260),
(47, 89, '2015-09-30 15:06:04', 0, 261),
(48, 81, '2015-09-30 15:06:04', 0, 262),
(49, 89, '2015-09-30 15:06:04', 0, 263),
(50, 80, '2015-09-30 15:06:04', 0, 264),
(14, 100, '2015-09-30 19:06:04', 0, 265),
(1, 3, '2015-10-01 11:06:04', 0, 266),
(2, 10, '2015-10-01 11:06:04', 0, 267),
(3, 29, '2015-10-01 11:06:04', 0, 268),
(4, 75, '2015-10-01 11:06:04', 0, 269),
(5, 0, '2015-10-01 11:06:04', 0, 270),
(6, 0, '2015-10-01 11:06:04', 0, 271),
(7, 0, '2015-10-01 11:06:04', 0, 272),
(8, 1, '2015-10-01 11:06:04', 0, 273),
(9, 0, '2015-10-01 11:06:04', 0, 274),
(10, 0, '2015-10-01 11:06:04', 0, 275),
(11, 6, '2015-10-01 11:06:04', 0, 276),
(12, 0, '2015-10-01 11:06:04', 0, 277),
(13, 56, '2015-10-27 15:51:19', 0, 278),
(14, 0, '2015-10-27 15:51:29', 0, 279),
(15, 1, '2015-10-27 15:51:39', 0, 280),
(16, 0, '2015-10-27 15:51:49', 0, 281),
(17, 0, '2015-10-27 15:51:59', 0, 282),
(18, 1, '2015-10-27 15:52:09', 0, 283),
(19, 1, '2015-10-27 15:52:19', 0, 284),
(20, 0, '2015-10-27 15:52:29', 0, 285),
(21, 1, '2015-10-01 12:06:04', 0, 286),
(22, 0, '2015-10-01 12:06:04', 0, 287),
(23, 1, '2015-10-01 12:06:04', 0, 288),
(24, 1, '2015-10-01 12:06:04', 0, 289),
(25, 1, '2015-10-01 12:06:04', 0, 290),
(26, 1, '2015-10-01 12:06:04', 0, 291),
(27, 0, '2015-10-01 12:06:04', 0, 292),
(28, 0, '2015-10-01 12:06:04', 0, 293),
(29, 0, '2015-10-01 12:06:04', 0, 294),
(30, 1, '2015-10-01 12:06:04', 0, 295),
(31, 0, '2015-10-01 14:06:04', 0, 296),
(32, 1, '2015-10-01 14:06:04', 0, 297),
(33, 0, '2015-10-01 14:06:04', 0, 298),
(34, 1, '2015-10-01 14:06:04', 0, 299),
(35, 0, '2015-10-01 14:06:04', 0, 300),
(36, 0, '2015-10-01 14:06:04', 0, 301),
(37, 1, '2015-10-01 14:06:04', 0, 302),
(38, 0, '2015-10-01 14:06:04', 0, 303),
(39, 1, '2015-10-01 14:06:04', 0, 304),
(40, 0, '2015-10-01 14:06:04', 0, 305),
(41, 0, '2015-10-01 15:06:04', 0, 306),
(42, 0, '2015-10-01 15:06:04', 0, 307),
(43, 1, '2015-10-01 15:06:04', 0, 308),
(44, 0, '2015-10-01 15:06:04', 0, 309),
(45, 0, '2015-10-01 15:06:04', 0, 310),
(46, 1, '2015-10-01 15:06:04', 0, 311),
(47, 1, '2015-10-01 15:06:04', 0, 312),
(48, 0, '2015-10-01 15:06:04', 0, 313),
(49, 0, '2015-10-01 15:06:04', 0, 314),
(50, 1, '2015-10-01 15:06:04', 0, 315),
(1, 3, '2015-10-02 15:06:04', 0, 316),
(2, 10, '2015-10-02 15:06:04', 0, 317),
(3, 29, '2015-10-02 15:06:04', 0, 318),
(4, 75, '2015-10-02 15:06:04', 0, 319),
(5, 11, '2015-10-02 15:06:04', 0, 320),
(6, 14, '2015-10-02 15:06:04', 0, 321),
(7, 10, '2015-10-02 15:06:04', 0, 322),
(8, 22, '2015-10-02 15:06:04', 0, 323),
(9, 16, '2015-10-02 15:06:04', 0, 324),
(10, 18, '2015-10-02 15:06:04', 0, 325),
(11, 6, '2015-10-02 15:06:04', 0, 326),
(12, 18, '2015-10-02 15:06:04', 0, 327),
(13, 56, '2015-10-02 15:06:04', 0, 328),
(14, 13, '2015-10-02 15:06:04', 0, 329),
(15, 23, '2015-10-02 15:06:04', 0, 330),
(16, 18, '2015-10-02 14:06:04', 0, 331),
(17, 10, '2015-10-02 14:06:04', 0, 332),
(18, 13, '2015-10-02 14:06:04', 0, 333),
(19, 13, '2015-10-02 14:06:04', 0, 334),
(20, 11, '2015-10-02 14:06:04', 0, 335),
(21, 25, '2015-10-02 14:06:04', 0, 336),
(22, 22, '2015-10-02 14:06:04', 0, 337),
(23, 22, '2015-10-02 14:06:04', 0, 338),
(24, 10, '2015-10-02 14:06:04', 0, 339),
(1, 3, '2015-10-03 15:06:04', 0, 340),
(2, 10, '2015-10-03 15:06:04', 0, 341),
(3, 29, '2015-10-03 15:06:04', 0, 342),
(4, 75, '2015-10-03 15:06:04', 0, 343),
(5, 31, '2015-10-03 15:06:04', 0, 344),
(6, 37, '2015-10-03 15:06:04', 0, 345),
(7, 31, '2015-10-03 15:06:04', 0, 346),
(8, 40, '2015-10-03 15:06:04', 0, 347),
(9, 30, '2015-10-03 15:06:04', 0, 348),
(10, 35, '2015-10-03 15:06:04', 0, 349),
(11, 6, '2015-10-03 15:06:04', 0, 350),
(12, 32, '2015-10-03 15:06:04', 0, 351),
(13, 56, '2015-10-03 15:06:04', 0, 352),
(14, 37, '2015-10-03 15:06:04', 0, 353),
(15, 25, '2015-10-03 15:06:04', 0, 354),
(16, 41, '2015-10-03 14:06:04', 0, 355),
(17, 44, '2015-10-03 14:06:04', 0, 356),
(18, 37, '2015-10-03 14:06:04', 0, 357),
(19, 35, '2015-10-03 14:06:04', 0, 358),
(20, 31, '2015-10-03 14:06:04', 0, 359),
(21, 26, '2015-10-03 14:06:04', 0, 360),
(22, 32, '2015-10-03 14:06:04', 0, 361),
(23, 35, '2015-10-03 14:06:04', 0, 362),
(24, 33, '2015-10-03 14:06:04', 0, 363),
(1, 3, '2015-10-04 15:06:04', 0, 364),
(2, 10, '2015-10-04 15:06:04', 0, 365),
(3, 29, '2015-10-04 15:06:04', 0, 366),
(4, 75, '2015-10-04 15:06:04', 0, 367),
(5, 50, '2015-10-04 15:06:04', 0, 368),
(6, 74, '2015-10-04 15:06:04', 0, 369),
(7, 69, '2015-10-04 15:06:04', 0, 370),
(8, 54, '2015-10-04 15:06:04', 0, 371),
(9, 71, '2015-10-04 15:06:04', 0, 372),
(10, 59, '2015-10-04 15:06:04', 0, 373),
(11, 6, '2015-10-04 15:06:04', 0, 374),
(12, 68, '2015-10-04 15:06:04', 0, 375),
(13, 56, '2015-10-04 15:06:04', 0, 376),
(14, 50, '2015-10-04 15:06:04', 0, 377),
(15, 60, '2015-10-04 15:06:04', 0, 378),
(16, 62, '2015-10-04 14:06:04', 0, 379),
(17, 48, '2015-10-04 14:06:04', 0, 380),
(18, 49, '2015-10-04 14:06:04', 0, 381),
(19, 53, '2015-10-04 14:06:04', 0, 382),
(20, 54, '2015-10-04 14:06:04', 0, 383),
(21, 70, '2015-10-04 14:06:04', 0, 384),
(22, 70, '2015-10-04 14:06:04', 0, 385),
(23, 64, '2015-10-04 14:06:04', 0, 386),
(24, 59, '2015-10-04 14:06:04', 0, 387),
(1, 3, '2015-10-05 15:06:05', 0, 388),
(2, 10, '2015-10-05 15:06:05', 0, 389),
(3, 29, '2015-10-05 15:06:05', 0, 390),
(4, 75, '2015-10-05 15:06:05', 0, 391),
(5, 85, '2015-10-05 15:06:05', 0, 392),
(6, 84, '2015-10-05 15:06:05', 0, 393),
(7, 81, '2015-10-05 15:06:05', 0, 394),
(8, 81, '2015-10-05 15:06:05', 0, 395),
(9, 96, '2015-10-05 15:06:05', 0, 396),
(10, 85, '2015-10-05 15:06:05', 0, 397),
(11, 6, '2015-10-05 15:06:05', 0, 398),
(12, 77, '2015-10-05 15:06:05', 0, 399),
(13, 56, '2015-10-05 15:06:05', 0, 400),
(14, 88, '2015-10-05 15:06:05', 0, 401),
(15, 89, '2015-10-05 15:06:05', 0, 402),
(16, 85, '2015-10-05 14:06:05', 0, 403),
(17, 94, '2015-10-05 14:06:05', 0, 404),
(18, 80, '2015-10-05 14:06:05', 0, 405),
(19, 84, '2015-10-05 14:06:05', 0, 406),
(20, 83, '2015-10-05 14:06:05', 0, 407),
(21, 88, '2015-10-05 14:06:05', 0, 408),
(22, 90, '2015-10-05 14:06:05', 0, 409),
(23, 96, '2015-10-05 14:06:05', 0, 410),
(24, 91, '2015-10-05 14:06:05', 0, 411),
(1, 3, '2015-10-10 15:06:05', 0, 412),
(2, 10, '2015-10-10 15:06:05', 0, 413),
(3, 29, '2015-10-10 15:06:05', 0, 414),
(4, 75, '2015-10-10 15:06:05', 0, 415),
(5, 1, '2015-10-10 15:06:05', 0, 416),
(6, 0, '2015-10-10 15:06:05', 0, 417),
(7, 1, '2015-10-10 15:06:05', 0, 418),
(8, 0, '2015-10-10 15:06:05', 0, 419),
(9, 1, '2015-10-10 15:06:05', 0, 420),
(10, 0, '2015-10-10 15:06:05', 0, 421),
(11, 6, '2015-10-10 15:06:05', 0, 422),
(12, 0, '2015-10-10 15:06:05', 0, 423),
(13, 56, '2015-10-10 15:06:05', 0, 424),
(14, 0, '2015-10-10 15:06:05', 0, 425),
(15, 0, '2015-10-10 15:06:05', 0, 426),
(16, 1, '2015-10-10 14:06:05', 0, 427),
(17, 0, '2015-10-10 14:06:05', 0, 428),
(18, 1, '2015-10-10 14:06:05', 0, 429),
(19, 0, '2015-10-10 14:06:05', 0, 430),
(20, 0, '2015-10-10 14:06:05', 0, 431),
(21, 1, '2015-10-10 14:06:05', 0, 432),
(22, 1, '2015-10-10 14:06:05', 0, 433),
(23, 0, '2015-10-10 14:06:05', 0, 434),
(24, 0, '2015-10-10 14:06:05', 0, 435),
(25, 1, '2015-10-10 12:06:05', 0, 436),
(26, 1, '2015-10-10 12:06:05', 0, 437),
(27, 0, '2015-10-10 12:06:05', 0, 438),
(28, 1, '2015-10-10 12:06:05', 0, 439),
(29, 1, '2015-10-10 12:06:05', 0, 440),
(30, 1, '2015-10-10 12:06:05', 0, 441),
(31, 1, '2015-10-10 12:06:05', 0, 442),
(32, 1, '2015-10-10 12:06:05', 0, 443),
(33, 1, '2015-10-10 12:06:05', 0, 444),
(34, 0, '2015-10-10 12:06:05', 0, 445),
(35, 0, '2015-10-10 12:06:05', 0, 446),
(36, 0, '2015-10-10 12:06:05', 0, 447),
(37, 0, '2015-10-10 12:06:05', 0, 448),
(38, 1, '2015-10-10 12:06:05', 0, 449),
(39, 1, '2015-10-10 12:06:05', 0, 450),
(40, 1, '2015-10-10 12:06:05', 0, 451),
(41, 0, '2015-10-10 12:06:05', 0, 452),
(42, 0, '2015-10-10 12:06:05', 0, 453),
(43, 1, '2015-10-10 12:06:05', 0, 454),
(44, 1, '2015-10-10 12:06:05', 0, 455),
(45, 0, '2015-10-10 12:06:05', 0, 456),
(46, 0, '2015-10-10 12:06:05', 0, 457),
(47, 1, '2015-10-10 12:06:05', 0, 458),
(48, 0, '2015-10-10 12:06:05', 0, 459),
(49, 0, '2015-10-10 12:06:05', 0, 460),
(50, 1, '2015-10-10 12:06:05', 0, 461),
(1, 3, '2015-10-12 15:06:05', 0, 462),
(2, 10, '2015-10-12 15:06:05', 0, 463),
(3, 29, '2015-10-12 15:06:05', 0, 464),
(4, 75, '2015-10-12 15:06:05', 0, 465),
(5, 13, '2015-10-12 15:06:05', 0, 466),
(6, 10, '2015-10-12 15:06:05', 0, 467),
(7, 2, '2015-10-12 15:06:05', 0, 468),
(8, 17, '2015-10-12 15:06:05', 0, 469),
(9, 18, '2015-10-12 15:06:05', 0, 470),
(10, 5, '2015-10-12 15:06:05', 0, 471),
(11, 6, '2015-10-12 15:06:05', 0, 472),
(12, 14, '2015-10-12 15:06:05', 0, 473),
(13, 56, '2015-10-12 15:06:05', 0, 474),
(14, 19, '2015-10-12 15:06:05', 0, 475),
(15, 20, '2015-10-12 15:06:05', 0, 476),
(16, 10, '2015-10-12 14:06:05', 0, 477),
(17, 19, '2015-10-12 14:06:05', 0, 478),
(18, 11, '2015-10-12 14:06:05', 0, 479),
(19, 9, '2015-10-12 14:06:05', 0, 480),
(20, 2, '2015-10-12 14:06:05', 0, 481),
(21, 24, '2015-10-12 14:06:05', 0, 482),
(22, 11, '2015-10-12 14:06:05', 0, 483),
(23, 22, '2015-10-12 14:06:05', 0, 484),
(24, 13, '2015-10-12 14:06:05', 0, 485),
(25, 12, '2015-10-12 14:06:05', 0, 486),
(26, 6, '2015-10-12 14:06:05', 0, 487),
(27, 5, '2015-10-12 14:06:05', 0, 488),
(28, 3, '2015-10-12 14:06:05', 0, 489),
(29, 11, '2015-10-12 14:06:05', 0, 490),
(30, 2, '2015-10-12 14:06:05', 0, 491),
(31, 16, '2015-10-12 14:06:05', 0, 492),
(32, 11, '2015-10-12 14:06:05', 0, 493),
(33, 14, '2015-10-12 14:06:05', 0, 494),
(34, 10, '2015-10-12 14:06:05', 0, 495),
(35, 21, '2015-10-12 14:06:05', 0, 496),
(36, 4, '2015-10-12 14:06:05', 0, 497),
(37, 8, '2015-10-12 14:06:05', 0, 498),
(38, 2, '2015-10-12 14:06:05', 0, 499),
(39, 21, '2015-10-12 14:06:05', 0, 500),
(40, 14, '2015-10-12 14:06:05', 0, 501),
(41, 14, '2015-10-12 14:06:05', 0, 502),
(42, 25, '2015-10-12 14:06:05', 0, 503),
(43, 2, '2015-10-12 14:06:05', 0, 504),
(44, 15, '2015-10-12 14:06:05', 0, 505),
(45, 3, '2015-10-12 14:06:05', 0, 506),
(46, 5, '2015-10-12 14:06:05', 0, 507),
(47, 23, '2015-10-12 14:06:05', 0, 508),
(48, 20, '2015-10-12 14:06:05', 0, 509),
(49, 16, '2015-10-12 14:06:05', 0, 510),
(50, 13, '2015-10-12 14:06:05', 0, 511),
(1, 3, '2015-10-13 15:06:05', 0, 512),
(2, 10, '2015-10-13 15:06:05', 0, 513),
(3, 29, '2015-10-13 15:06:05', 0, 514),
(4, 75, '2015-10-13 15:06:05', 0, 515),
(5, 54, '2015-10-13 15:06:05', 0, 516),
(6, 51, '2015-10-13 15:06:05', 0, 517),
(7, 48, '2015-10-13 15:06:05', 0, 518),
(8, 37, '2015-10-13 15:06:05', 0, 519),
(9, 34, '2015-10-13 15:06:05', 0, 520),
(10, 25, '2015-10-13 15:06:05', 0, 521),
(11, 6, '2015-10-13 15:06:05', 0, 522),
(12, 35, '2015-10-13 15:06:05', 0, 523),
(13, 56, '2015-10-13 15:06:05', 0, 524),
(14, 34, '2015-10-13 15:06:05', 0, 525),
(15, 28, '2015-10-13 15:06:05', 0, 526),
(16, 26, '2015-10-13 14:06:05', 0, 527),
(17, 49, '2015-10-13 14:06:05', 0, 528),
(18, 55, '2015-10-13 14:06:05', 0, 529),
(19, 45, '2015-10-13 14:06:05', 0, 530),
(20, 43, '2015-10-13 14:06:05', 0, 531),
(21, 51, '2015-10-13 14:06:05', 0, 532),
(22, 53, '2015-10-13 14:06:05', 0, 533),
(23, 49, '2015-10-13 14:06:05', 0, 534),
(24, 50, '2015-10-13 14:06:05', 0, 535),
(25, 43, '2015-10-13 14:06:05', 0, 536),
(26, 58, '2015-10-13 14:06:05', 0, 537),
(27, 31, '2015-10-13 14:06:05', 0, 538),
(28, 29, '2015-10-13 14:06:05', 0, 539),
(29, 56, '2015-10-13 14:06:05', 0, 540),
(30, 44, '2015-10-13 14:06:05', 0, 541),
(31, 30, '2015-10-13 14:06:05', 0, 542),
(32, 35, '2015-10-13 14:06:05', 0, 543),
(33, 50, '2015-10-13 14:06:05', 0, 544),
(34, 44, '2015-10-13 14:06:05', 0, 545),
(35, 52, '2015-10-13 14:06:05', 0, 546),
(36, 31, '2015-10-13 14:06:05', 0, 547),
(37, 53, '2015-10-13 14:06:05', 0, 548),
(38, 56, '2015-10-13 14:06:05', 0, 549),
(39, 30, '2015-10-13 14:06:05', 0, 550),
(40, 31, '2015-10-13 14:06:05', 0, 551),
(41, 34, '2015-10-13 14:06:05', 0, 552),
(42, 56, '2015-10-13 14:06:05', 0, 553),
(43, 37, '2015-10-13 14:06:05', 0, 554),
(44, 44, '2015-10-13 14:06:05', 0, 555),
(45, 37, '2015-10-13 14:06:05', 0, 556),
(46, 26, '2015-10-13 14:06:05', 0, 557),
(47, 38, '2015-10-13 14:06:05', 0, 558),
(48, 39, '2015-10-13 14:06:05', 0, 559),
(49, 36, '2015-10-13 14:06:05', 0, 560),
(50, 25, '2015-10-13 14:06:05', 0, 561),
(1, 3, '2015-10-15 15:06:05', 0, 562),
(2, 10, '2015-10-15 15:06:05', 0, 563),
(3, 29, '2015-10-15 15:06:05', 0, 564),
(4, 75, '2015-10-15 15:06:05', 0, 565),
(5, 92, '2015-10-15 15:06:05', 0, 566),
(6, 60, '2015-10-15 15:06:05', 0, 567),
(7, 77, '2015-10-15 15:06:05', 0, 568),
(8, 62, '2015-10-15 15:06:05', 0, 569),
(9, 63, '2015-10-15 15:06:05', 0, 570),
(10, 86, '2015-10-15 15:06:05', 0, 571),
(11, 6, '2015-10-15 15:06:05', 0, 572),
(12, 97, '2015-10-15 15:06:05', 0, 573),
(13, 56, '2015-10-15 15:06:05', 0, 574),
(14, 66, '2015-10-15 15:06:05', 0, 575),
(15, 89, '2015-10-15 15:06:05', 0, 576),
(16, 95, '2015-10-15 14:06:05', 0, 577),
(17, 90, '2015-10-15 14:06:05', 0, 578),
(18, 78, '2015-10-15 14:06:05', 0, 579),
(19, 87, '2015-10-15 14:06:05', 0, 580),
(20, 75, '2015-10-15 14:06:05', 0, 581),
(21, 84, '2015-10-15 14:06:05', 0, 582),
(22, 63, '2015-10-15 14:06:05', 0, 583),
(23, 95, '2015-10-15 14:06:05', 0, 584),
(24, 71, '2015-10-15 14:06:05', 0, 585),
(25, 76, '2015-10-15 14:06:05', 0, 586),
(26, 67, '2015-10-15 14:06:05', 0, 587),
(27, 77, '2015-10-15 14:06:05', 0, 588),
(28, 74, '2015-10-15 14:06:05', 0, 589),
(29, 95, '2015-10-15 14:06:05', 0, 590),
(30, 72, '2015-10-15 14:06:05', 0, 591),
(31, 85, '2015-10-15 14:06:05', 0, 592),
(32, 82, '2015-10-15 14:06:05', 0, 593),
(33, 86, '2015-10-15 14:06:05', 0, 594),
(34, 75, '2015-10-15 14:06:05', 0, 595),
(35, 79, '2015-10-15 14:06:05', 0, 596),
(36, 62, '2015-10-15 14:06:05', 0, 597),
(37, 81, '2015-10-15 14:06:05', 0, 598),
(38, 70, '2015-10-15 14:06:05', 0, 599),
(39, 95, '2015-10-15 14:06:05', 0, 600),
(40, 60, '2015-10-15 14:06:05', 0, 601),
(41, 79, '2015-10-15 14:06:05', 0, 602),
(42, 88, '2015-10-15 14:06:05', 0, 603),
(43, 66, '2015-10-15 14:06:05', 0, 604),
(44, 71, '2015-10-15 14:06:05', 0, 605),
(45, 71, '2015-10-15 14:06:05', 0, 606),
(46, 65, '2015-10-15 14:06:05', 0, 607),
(47, 80, '2015-10-15 14:06:05', 0, 608),
(48, 70, '2015-10-15 14:06:05', 0, 609),
(49, 80, '2015-10-15 14:06:05', 0, 610),
(50, 75, '2015-10-15 14:06:05', 0, 611),
(1, 3, '2015-10-16 15:06:05', 0, 612),
(2, 10, '2015-10-16 15:06:05', 0, 613),
(3, 29, '2015-10-16 15:06:05', 0, 614),
(4, 75, '2015-10-16 15:06:05', 0, 615),
(5, 1, '2015-10-16 15:06:05', 0, 616),
(6, 5, '2015-10-16 15:06:05', 0, 617),
(7, 5, '2015-10-16 15:06:05', 0, 618),
(8, 0, '2015-10-16 15:06:05', 0, 619),
(9, 2, '2015-10-16 15:06:05', 0, 620),
(10, 4, '2015-10-16 15:06:05', 0, 621),
(11, 6, '2015-10-16 15:06:05', 0, 622),
(12, 3, '2015-10-16 15:06:05', 0, 623),
(13, 56, '2015-10-16 15:06:05', 0, 624),
(14, 4, '2015-10-16 15:06:05', 0, 625),
(15, 2, '2015-10-16 15:06:05', 0, 626),
(16, 3, '2015-10-16 14:06:05', 0, 627),
(17, 0, '2015-10-16 14:06:05', 0, 628),
(18, 0, '2015-10-16 14:06:05', 0, 629),
(19, 4, '2015-10-16 14:06:05', 0, 630),
(20, 0, '2015-10-16 14:06:05', 0, 631),
(21, 5, '2015-10-16 14:06:05', 0, 632),
(22, 1, '2015-10-16 14:06:05', 0, 633),
(23, 0, '2015-10-16 14:06:05', 0, 634),
(24, 1, '2015-10-16 14:06:05', 0, 635),
(25, 4, '2015-10-16 14:06:05', 0, 636),
(26, 3, '2015-10-16 14:06:05', 0, 637),
(27, 3, '2015-10-16 14:06:05', 0, 638),
(28, 2, '2015-10-16 14:06:05', 0, 639),
(29, 4, '2015-10-16 14:06:05', 0, 640),
(30, 5, '2015-10-16 14:06:05', 0, 641),
(31, 1, '2015-10-16 14:06:05', 0, 642),
(32, 4, '2015-10-16 14:06:05', 0, 643),
(33, 5, '2015-10-16 14:06:05', 0, 644),
(34, 3, '2015-10-16 14:06:05', 0, 645),
(35, 5, '2015-10-16 14:06:05', 0, 646),
(36, 3, '2015-10-16 14:06:05', 0, 647),
(37, 3, '2015-10-16 14:06:05', 0, 648),
(38, 5, '2015-10-16 14:06:05', 0, 649),
(39, 5, '2015-10-16 14:06:05', 0, 650),
(40, 3, '2015-10-16 14:06:05', 0, 651),
(41, 3, '2015-10-16 14:06:05', 0, 652),
(42, 2, '2015-10-16 14:06:05', 0, 653),
(43, 0, '2015-10-16 14:06:05', 0, 654),
(44, 3, '2015-10-16 14:06:05', 0, 655),
(45, 5, '2015-10-16 14:06:05', 0, 656),
(46, 4, '2015-10-16 14:06:05', 0, 657),
(47, 2, '2015-10-16 14:06:05', 0, 658),
(48, 2, '2015-10-16 14:06:05', 0, 659),
(49, 3, '2015-10-16 14:06:05', 0, 660),
(50, 3, '2015-10-16 14:06:05', 0, 661),
(1, 3, '2015-10-17 15:06:05', 0, 662),
(2, 10, '2015-10-17 15:06:05', 0, 663),
(3, 29, '2015-10-17 15:06:05', 0, 664),
(4, 75, '2015-10-17 15:06:05', 0, 665),
(5, 45, '2015-10-17 15:06:05', 0, 666),
(6, 25, '2015-10-17 15:06:05', 0, 667),
(7, 29, '2015-10-17 15:06:05', 0, 668),
(8, 36, '2015-10-17 15:06:05', 0, 669),
(9, 12, '2015-10-17 15:06:05', 0, 670),
(10, 15, '2015-10-17 15:06:05', 0, 671),
(11, 6, '2015-10-17 15:06:05', 0, 672),
(12, 32, '2015-10-17 15:06:05', 0, 673),
(13, 56, '2015-10-17 15:06:05', 0, 674),
(14, 44, '2015-10-17 15:06:05', 0, 675),
(15, 24, '2015-10-17 15:06:05', 0, 676),
(16, 28, '2015-10-17 14:06:05', 0, 677),
(17, 40, '2015-10-17 14:06:05', 0, 678),
(18, 6, '2015-10-17 14:06:05', 0, 679),
(19, 44, '2015-10-17 14:06:05', 0, 680),
(20, 7, '2015-10-17 14:06:05', 0, 681),
(21, 28, '2015-10-17 14:06:05', 0, 682),
(22, 39, '2015-10-17 14:06:05', 0, 683),
(23, 41, '2015-10-17 14:06:05', 0, 684),
(24, 43, '2015-10-17 14:06:05', 0, 685),
(25, 17, '2015-10-17 14:06:05', 0, 686),
(26, 31, '2015-10-17 14:06:05', 0, 687),
(27, 35, '2015-10-17 14:06:05', 0, 688),
(28, 45, '2015-10-17 14:06:05', 0, 689),
(29, 25, '2015-10-17 14:06:05', 0, 690),
(30, 38, '2015-10-17 14:06:05', 0, 691),
(31, 41, '2015-10-17 14:06:05', 0, 692),
(32, 40, '2015-10-17 14:06:05', 0, 693),
(33, 17, '2015-10-17 14:06:05', 0, 694),
(34, 37, '2015-10-17 14:06:05', 0, 695),
(35, 28, '2015-10-17 14:06:05', 0, 696),
(36, 12, '2015-10-17 14:06:05', 0, 697),
(37, 44, '2015-10-17 14:06:05', 0, 698),
(38, 42, '2015-10-17 14:06:05', 0, 699),
(39, 24, '2015-10-17 14:06:05', 0, 700),
(40, 10, '2015-10-17 14:06:05', 0, 701),
(41, 9, '2015-10-17 14:06:05', 0, 702),
(42, 31, '2015-10-17 14:06:05', 0, 703),
(43, 29, '2015-10-17 14:06:05', 0, 704),
(44, 23, '2015-10-17 14:06:05', 0, 705),
(45, 27, '2015-10-17 14:06:05', 0, 706),
(46, 20, '2015-10-17 14:06:05', 0, 707),
(47, 20, '2015-10-17 14:06:05', 0, 708),
(48, 30, '2015-10-17 14:06:05', 0, 709),
(49, 38, '2015-10-17 14:06:05', 0, 710),
(50, 21, '2015-10-17 14:06:05', 0, 711),
(1, 3, '2015-10-18 15:06:05', 0, 712),
(2, 10, '2015-10-18 15:06:05', 0, 713),
(3, 29, '2015-10-18 15:06:05', 0, 714),
(4, 72, '2015-10-18 15:06:05', 0, 715),
(5, 71, '2015-10-18 15:06:05', 0, 716),
(6, 54, '2015-10-18 15:06:05', 0, 717),
(7, 67, '2015-10-18 15:06:05', 0, 718),
(8, 74, '2015-10-18 15:06:05', 0, 719),
(9, 66, '2015-10-18 15:06:05', 0, 720),
(10, 62, '2015-10-18 15:06:05', 0, 721),
(11, 6, '2015-10-18 15:06:05', 0, 722),
(12, 51, '2015-10-18 15:06:05', 0, 723),
(13, 56, '2015-10-18 15:06:05', 0, 724),
(14, 56, '2015-10-18 15:06:05', 0, 725),
(15, 48, '2015-10-18 15:06:05', 0, 726),
(16, 73, '2015-10-18 14:06:05', 0, 727),
(17, 65, '2015-10-18 14:06:05', 0, 728),
(18, 73, '2015-10-18 14:06:05', 0, 729),
(19, 53, '2015-10-18 14:06:05', 0, 730),
(20, 62, '2015-10-18 14:06:05', 0, 731),
(21, 67, '2015-10-18 14:06:05', 0, 732),
(22, 61, '2015-10-18 14:06:05', 0, 733),
(23, 64, '2015-10-18 14:06:05', 0, 734),
(24, 46, '2015-10-18 14:06:05', 0, 735),
(25, 74, '2015-10-18 14:06:05', 0, 736),
(26, 55, '2015-10-18 14:06:05', 0, 737),
(27, 63, '2015-10-18 14:06:05', 0, 738),
(28, 68, '2015-10-18 14:06:05', 0, 739),
(29, 75, '2015-10-18 14:06:05', 0, 740),
(30, 48, '2015-10-18 14:06:05', 0, 741),
(31, 68, '2015-10-18 14:06:05', 0, 742),
(32, 66, '2015-10-18 14:06:05', 0, 743),
(33, 48, '2015-10-18 14:06:05', 0, 744),
(34, 53, '2015-10-18 14:06:05', 0, 745),
(35, 73, '2015-10-18 14:06:05', 0, 746),
(36, 71, '2015-10-18 14:06:05', 0, 747),
(37, 64, '2015-10-18 14:06:05', 0, 748),
(38, 50, '2015-10-18 14:06:05', 0, 749),
(39, 50, '2015-10-18 14:06:05', 0, 750),
(40, 45, '2015-10-18 14:06:05', 0, 751),
(41, 49, '2015-10-18 14:06:05', 0, 752),
(42, 51, '2015-10-18 14:06:05', 0, 753),
(43, 73, '2015-10-18 14:06:05', 0, 754),
(44, 48, '2015-10-18 14:06:05', 0, 755),
(45, 47, '2015-10-18 14:06:05', 0, 756),
(46, 49, '2015-10-18 14:06:05', 0, 757),
(47, 59, '2015-10-18 14:06:05', 0, 758),
(48, 60, '2015-10-18 14:06:05', 0, 759),
(49, 50, '2015-10-18 14:06:05', 0, 760),
(50, 68, '2015-10-18 14:06:05', 0, 761),
(1, 3, '2015-10-19 15:06:05', 0, 762),
(2, 10, '2015-10-19 15:06:05', 0, 763),
(3, 29, '2015-10-19 15:06:05', 0, 764),
(4, 95, '2015-10-19 15:06:05', 0, 765),
(5, 78, '2015-10-19 15:06:05', 0, 766),
(6, 93, '2015-10-19 15:06:05', 0, 767),
(7, 96, '2015-10-19 15:06:05', 0, 768),
(8, 99, '2015-10-19 15:06:05', 0, 769),
(9, 91, '2015-10-19 15:06:05', 0, 770),
(10, 88, '2015-10-19 15:06:05', 0, 771),
(11, 6, '2015-10-19 15:06:05', 0, 772),
(12, 81, '2015-10-19 15:06:05', 0, 773),
(13, 56, '2015-10-19 15:06:05', 0, 774),
(14, 86, '2015-10-19 15:06:05', 0, 775),
(15, 93, '2015-10-19 15:06:05', 0, 776),
(16, 93, '2015-10-19 14:06:05', 0, 777),
(17, 96, '2015-10-19 14:06:05', 0, 778),
(18, 93, '2015-10-19 14:06:05', 0, 779),
(19, 93, '2015-10-19 14:06:05', 0, 780),
(20, 84, '2015-10-19 14:06:05', 0, 781),
(21, 82, '2015-10-19 14:06:05', 0, 782),
(22, 92, '2015-10-19 14:06:05', 0, 783),
(23, 75, '2015-10-19 14:06:05', 0, 784),
(24, 85, '2015-10-19 14:06:05', 0, 785),
(25, 96, '2015-10-19 14:06:05', 0, 786),
(26, 97, '2015-10-19 14:06:05', 0, 787),
(27, 91, '2015-10-19 14:06:05', 0, 788),
(28, 76, '2015-10-19 14:06:05', 0, 789),
(29, 99, '2015-10-19 14:06:05', 0, 790),
(30, 93, '2015-10-19 14:06:05', 0, 791),
(31, 85, '2015-10-19 14:06:05', 0, 792),
(32, 95, '2015-10-19 14:06:05', 0, 793),
(33, 94, '2015-10-19 14:06:05', 0, 794),
(34, 98, '2015-10-19 14:06:05', 0, 795),
(35, 76, '2015-10-19 14:06:05', 0, 796),
(36, 75, '2015-10-19 14:06:05', 0, 797),
(37, 78, '2015-10-19 14:06:05', 0, 798),
(38, 94, '2015-10-19 14:06:05', 0, 799),
(39, 98, '2015-10-19 14:06:05', 0, 800),
(40, 80, '2015-10-19 14:06:05', 0, 801),
(41, 92, '2015-10-19 14:06:05', 0, 802),
(42, 96, '2015-10-19 14:06:05', 0, 803),
(43, 86, '2015-10-19 14:06:05', 0, 804),
(44, 96, '2015-10-19 14:06:05', 0, 805),
(45, 77, '2015-10-19 14:06:05', 0, 806),
(46, 91, '2015-10-19 14:06:05', 0, 807),
(47, 99, '2015-10-19 14:06:05', 0, 808),
(48, 87, '2015-10-19 14:06:05', 0, 809),
(49, 85, '2015-10-19 14:06:05', 0, 810),
(50, 85, '2015-10-19 14:06:05', 0, 811),
(1, 3, '2015-10-20 15:06:05', 0, 812),
(2, 10, '2015-10-20 15:06:05', 0, 813),
(3, 29, '2015-10-20 15:06:05', 0, 814),
(4, 95, '2015-10-20 15:06:05', 0, 815),
(5, 1, '2015-10-20 15:06:05', 0, 816),
(6, 3, '2015-10-20 15:06:05', 0, 817),
(7, 4, '2015-10-20 15:06:05', 0, 818),
(8, 5, '2015-10-20 15:06:05', 0, 819),
(9, 1, '2015-10-20 15:06:05', 0, 820),
(10, 4, '2015-10-20 15:06:05', 0, 821),
(11, 6, '2015-10-20 15:06:05', 0, 822),
(12, 1, '2015-10-20 15:06:05', 0, 823),
(13, 56, '2015-10-20 15:06:05', 0, 824),
(14, 0, '2015-10-20 15:06:05', 0, 825),
(15, 5, '2015-10-20 15:06:05', 0, 826),
(16, 2, '2015-10-20 14:06:05', 0, 827),
(17, 1, '2015-10-20 14:06:05', 0, 828),
(18, 2, '2015-10-20 14:06:05', 0, 829),
(19, 0, '2015-10-20 14:06:05', 0, 830),
(20, 6, '2015-10-20 14:06:05', 0, 831),
(21, 2, '2015-10-20 14:06:05', 0, 832),
(22, 2, '2015-10-20 14:06:05', 0, 833),
(23, 0, '2015-10-20 14:06:05', 0, 834),
(24, 6, '2015-10-20 14:06:05', 0, 835),
(25, 1, '2015-10-20 14:06:05', 0, 836),
(26, 4, '2015-10-20 14:06:05', 0, 837),
(27, 5, '2015-10-20 14:06:05', 0, 838),
(28, 3, '2015-10-20 14:06:05', 0, 839),
(29, 4, '2015-10-20 14:06:05', 0, 840),
(30, 4, '2015-10-20 14:06:05', 0, 841),
(31, 3, '2015-10-20 14:06:05', 0, 842),
(32, 2, '2015-10-20 14:06:05', 0, 843),
(33, 2, '2015-10-20 14:06:05', 0, 844),
(34, 5, '2015-10-20 14:06:05', 0, 845),
(35, 6, '2015-10-20 14:06:05', 0, 846),
(36, 1, '2015-10-20 14:06:05', 0, 847),
(37, 4, '2015-10-20 14:06:05', 0, 848),
(38, 6, '2015-10-20 14:06:05', 0, 849),
(39, 6, '2015-10-20 14:06:05', 0, 850),
(40, 0, '2015-10-20 14:06:05', 0, 851),
(41, 6, '2015-10-20 14:06:05', 0, 852),
(42, 5, '2015-10-20 14:06:05', 0, 853),
(43, 4, '2015-10-20 14:06:05', 0, 854),
(44, 3, '2015-10-20 14:06:05', 0, 855),
(45, 6, '2015-10-20 14:06:05', 0, 856),
(46, 2, '2015-10-20 14:06:05', 0, 857),
(47, 6, '2015-10-20 14:06:05', 0, 858),
(48, 4, '2015-10-20 14:06:05', 0, 859),
(49, 2, '2015-10-20 14:06:05', 0, 860),
(50, 6, '2015-10-20 14:06:05', 0, 861),
(1, 3, '2015-10-21 15:06:05', 0, 862),
(2, 10, '2015-10-21 15:06:05', 0, 863),
(3, 29, '2015-10-21 15:06:05', 0, 864),
(4, 95, '2015-10-21 15:06:05', 0, 865),
(5, 16, '2015-10-21 15:06:05', 0, 866),
(6, 28, '2015-10-21 15:06:05', 0, 867),
(7, 9, '2015-10-21 15:06:05', 0, 868),
(8, 10, '2015-10-21 15:06:05', 0, 869),
(9, 35, '2015-10-21 15:06:05', 0, 870),
(10, 15, '2015-10-21 15:06:05', 0, 871),
(11, 6, '2015-10-21 15:06:05', 0, 872),
(12, 27, '2015-10-21 15:06:05', 0, 873),
(13, 56, '2015-10-21 15:06:05', 0, 874),
(14, 34, '2015-10-21 15:06:05', 0, 875),
(15, 11, '2015-10-21 15:06:05', 0, 876),
(16, 18, '2015-10-21 14:06:05', 0, 877),
(17, 35, '2015-10-21 14:06:05', 0, 878),
(18, 30, '2015-10-21 14:06:05', 0, 879),
(19, 12, '2015-10-21 14:06:05', 0, 880),
(20, 22, '2015-10-21 14:06:05', 0, 881),
(21, 15, '2015-10-21 14:06:05', 0, 882),
(22, 23, '2015-10-21 14:06:05', 0, 883),
(23, 29, '2015-10-21 14:06:05', 0, 884),
(24, 32, '2015-10-21 14:06:05', 0, 885),
(25, 21, '2015-10-21 14:06:05', 0, 886),
(26, 12, '2015-10-21 14:06:05', 0, 887),
(27, 29, '2015-10-21 14:06:05', 0, 888),
(28, 26, '2015-10-21 14:06:05', 0, 889),
(29, 14, '2015-10-21 14:06:05', 0, 890),
(30, 33, '2015-10-21 14:06:05', 0, 891),
(31, 14, '2015-10-21 14:06:05', 0, 892),
(32, 13, '2015-10-21 14:06:05', 0, 893),
(33, 35, '2015-10-21 14:06:05', 0, 894),
(34, 8, '2015-10-21 14:06:05', 0, 895),
(35, 19, '2015-10-21 14:06:05', 0, 896),
(36, 7, '2015-10-21 14:06:05', 0, 897),
(37, 24, '2015-10-21 14:06:05', 0, 898),
(38, 11, '2015-10-21 14:06:05', 0, 899),
(39, 11, '2015-10-21 14:06:05', 0, 900),
(40, 9, '2015-10-21 14:06:05', 0, 901),
(41, 28, '2015-10-21 14:06:05', 0, 902),
(42, 15, '2015-10-21 14:06:05', 0, 903),
(43, 22, '2015-10-21 14:06:05', 0, 904),
(44, 7, '2015-10-21 14:06:05', 0, 905),
(45, 24, '2015-10-21 14:06:05', 0, 906),
(46, 30, '2015-10-21 14:06:05', 0, 907),
(47, 15, '2015-10-21 14:06:05', 0, 908),
(48, 29, '2015-10-21 14:06:05', 0, 909),
(49, 22, '2015-10-21 14:06:05', 0, 910),
(50, 23, '2015-10-21 14:06:05', 0, 911),
(1, 3, '2015-10-22 15:06:05', 0, 912),
(2, 10, '2015-10-22 15:06:05', 0, 913),
(3, 29, '2015-10-22 15:06:05', 0, 914),
(4, 95, '2015-10-22 15:06:05', 0, 915),
(5, 37, '2015-10-22 15:06:05', 0, 916),
(6, 48, '2015-10-22 15:06:05', 0, 917),
(7, 52, '2015-10-22 15:06:05', 0, 918),
(8, 65, '2015-10-22 15:06:05', 0, 919),
(9, 37, '2015-10-22 15:06:05', 0, 920),
(10, 51, '2015-10-22 15:06:05', 0, 921),
(11, 6, '2015-10-22 15:06:05', 0, 922),
(12, 55, '2015-10-22 15:06:05', 0, 923),
(13, 56, '2015-10-22 15:06:05', 0, 924),
(14, 58, '2015-10-22 15:06:05', 0, 925),
(15, 36, '2015-10-22 15:06:05', 0, 926),
(16, 63, '2015-10-22 14:06:05', 0, 927),
(17, 57, '2015-10-22 14:06:05', 0, 928),
(18, 37, '2015-10-22 14:06:05', 0, 929),
(19, 50, '2015-10-22 14:06:05', 0, 930),
(20, 42, '2015-10-22 14:06:05', 0, 931),
(21, 46, '2015-10-22 14:06:05', 0, 932),
(22, 57, '2015-10-22 14:06:05', 0, 933),
(23, 62, '2015-10-22 14:06:05', 0, 934),
(24, 40, '2015-10-22 14:06:05', 0, 935),
(25, 54, '2015-10-22 14:06:05', 0, 936),
(26, 62, '2015-10-22 14:06:05', 0, 937),
(27, 39, '2015-10-22 14:06:05', 0, 938),
(28, 41, '2015-10-22 14:06:05', 0, 939),
(29, 50, '2015-10-22 14:06:05', 0, 940),
(30, 51, '2015-10-22 14:06:05', 0, 941),
(31, 37, '2015-10-22 14:06:05', 0, 942),
(32, 57, '2015-10-22 14:06:05', 0, 943),
(33, 58, '2015-10-22 14:06:05', 0, 944),
(34, 55, '2015-10-22 14:06:05', 0, 945),
(35, 59, '2015-10-22 14:06:05', 0, 946),
(36, 43, '2015-10-22 14:06:05', 0, 947),
(37, 36, '2015-10-22 14:06:05', 0, 948),
(38, 38, '2015-10-22 14:06:05', 0, 949),
(39, 49, '2015-10-22 14:06:05', 0, 950),
(40, 44, '2015-10-22 14:06:05', 0, 951),
(41, 53, '2015-10-22 14:06:05', 0, 952),
(42, 42, '2015-10-22 14:06:05', 0, 953),
(43, 63, '2015-10-22 14:06:05', 0, 954),
(44, 49, '2015-10-22 14:06:05', 0, 955),
(45, 61, '2015-10-22 14:06:05', 0, 956),
(46, 45, '2015-10-22 14:06:05', 0, 957),
(47, 59, '2015-10-22 14:06:05', 0, 958),
(48, 35, '2015-10-22 14:06:05', 0, 959),
(49, 62, '2015-10-22 14:06:05', 0, 960),
(50, 38, '2015-10-22 14:06:05', 0, 961),
(1, 3, '2015-10-23 15:06:05', 0, 962),
(2, 10, '2015-10-23 15:06:05', 0, 963),
(3, 29, '2015-10-23 15:06:05', 0, 964),
(4, 95, '2015-10-23 15:06:05', 0, 965),
(5, 74, '2015-10-23 15:06:05', 0, 966),
(6, 72, '2015-10-23 15:06:05', 0, 967),
(7, 79, '2015-10-23 15:06:05', 0, 968),
(8, 85, '2015-10-23 15:06:05', 0, 969),
(9, 78, '2015-10-23 15:06:05', 0, 970),
(10, 75, '2015-10-23 15:06:05', 0, 971),
(11, 6, '2015-10-23 15:06:05', 0, 972),
(12, 70, '2015-10-23 15:06:05', 0, 973),
(13, 56, '2015-10-23 15:06:05', 0, 974),
(14, 65, '2015-10-23 15:06:05', 0, 975),
(15, 85, '2015-10-23 15:06:05', 0, 976),
(16, 79, '2015-10-23 14:06:05', 0, 977),
(17, 66, '2015-10-23 14:06:05', 0, 978),
(18, 71, '2015-10-23 14:06:05', 0, 979),
(19, 70, '2015-10-23 14:06:05', 0, 980),
(20, 71, '2015-10-23 14:06:05', 0, 981),
(21, 69, '2015-10-23 14:06:05', 0, 982),
(22, 75, '2015-10-23 14:06:05', 0, 983),
(23, 71, '2015-10-23 14:06:05', 0, 984),
(24, 75, '2015-10-23 14:06:05', 0, 985),
(25, 69, '2015-10-23 14:06:05', 0, 986),
(26, 77, '2015-10-23 14:06:05', 0, 987),
(27, 75, '2015-10-23 14:06:05', 0, 988),
(28, 79, '2015-10-23 14:06:05', 0, 989),
(29, 81, '2015-10-23 14:06:05', 0, 990),
(30, 69, '2015-10-23 14:06:05', 0, 991),
(31, 65, '2015-10-23 14:06:05', 0, 992),
(32, 77, '2015-10-23 14:06:05', 0, 993),
(33, 74, '2015-10-23 14:06:05', 0, 994),
(34, 79, '2015-10-23 14:06:05', 0, 995),
(35, 70, '2015-10-23 14:06:05', 0, 996),
(36, 81, '2015-10-23 14:06:05', 0, 997),
(37, 84, '2015-10-23 14:06:05', 0, 998),
(38, 85, '2015-10-23 14:06:05', 0, 999),
(39, 66, '2015-10-23 14:06:05', 0, 1000),
(40, 79, '2015-10-23 14:06:05', 0, 1001),
(41, 65, '2015-10-23 14:06:05', 0, 1002),
(42, 70, '2015-10-23 14:06:05', 0, 1003),
(43, 70, '2015-10-23 14:06:05', 0, 1004),
(44, 69, '2015-10-23 14:06:05', 0, 1005),
(45, 69, '2015-10-23 14:06:05', 0, 1006),
(46, 66, '2015-10-23 14:06:05', 0, 1007),
(47, 74, '2015-10-23 14:06:05', 0, 1008),
(48, 81, '2015-10-23 14:06:05', 0, 1009),
(49, 68, '2015-10-23 14:06:05', 0, 1010),
(50, 81, '2015-10-23 14:06:05', 0, 1011),
(1, 3, '2015-10-24 15:06:05', 0, 1012),
(2, 19, '2015-10-24 15:06:05', 0, 1013),
(3, 29, '2015-10-24 15:06:05', 0, 1014),
(4, 95, '2015-10-24 15:06:05', 0, 1015),
(5, 91, '2015-10-24 15:06:05', 0, 1016),
(6, 93, '2015-10-24 15:06:05', 0, 1017),
(7, 93, '2015-10-24 15:06:05', 0, 1018),
(8, 90, '2015-10-24 15:06:05', 0, 1019),
(9, 95, '2015-10-24 15:06:05', 0, 1020),
(10, 89, '2015-10-24 15:06:05', 0, 1021),
(11, 6, '2015-10-24 15:06:05', 0, 1022),
(12, 96, '2015-10-24 15:06:05', 0, 1023),
(13, 56, '2015-10-24 15:06:05', 0, 1024),
(14, 87, '2015-10-24 15:06:05', 0, 1025),
(15, 96, '2015-10-24 15:06:05', 0, 1026),
(16, 96, '2015-10-24 14:06:05', 0, 1027),
(17, 98, '2015-10-24 14:06:05', 0, 1028),
(18, 86, '2015-10-24 14:06:05', 0, 1029),
(19, 89, '2015-10-24 14:06:05', 0, 1030),
(20, 96, '2015-10-24 14:06:05', 0, 1031),
(21, 88, '2015-10-24 14:06:05', 0, 1032),
(22, 99, '2015-10-24 14:06:05', 0, 1033),
(23, 99, '2015-10-24 14:06:05', 0, 1034),
(24, 94, '2015-10-24 14:06:05', 0, 1035),
(25, 98, '2015-10-24 14:06:05', 0, 1036),
(26, 93, '2015-10-24 14:06:05', 0, 1037),
(27, 97, '2015-10-24 14:06:05', 0, 1038),
(28, 87, '2015-10-24 14:06:05', 0, 1039),
(29, 92, '2015-10-24 14:06:05', 0, 1040),
(30, 90, '2015-10-24 14:06:05', 0, 1041),
(31, 99, '2015-10-24 14:06:05', 0, 1042),
(32, 88, '2015-10-24 14:06:05', 0, 1043),
(33, 96, '2015-10-24 14:06:05', 0, 1044),
(34, 86, '2015-10-24 14:06:05', 0, 1045),
(35, 90, '2015-10-24 14:06:05', 0, 1046),
(36, 88, '2015-10-24 14:06:05', 0, 1047),
(37, 98, '2015-10-24 14:06:05', 0, 1048),
(38, 98, '2015-10-24 14:06:05', 0, 1049),
(39, 85, '2015-10-24 14:06:05', 0, 1050),
(40, 98, '2015-10-24 14:06:05', 0, 1051),
(41, 91, '2015-10-24 14:06:05', 0, 1052),
(42, 94, '2015-10-24 14:06:05', 0, 1053),
(43, 90, '2015-10-24 14:06:05', 0, 1054),
(44, 93, '2015-10-24 14:06:05', 0, 1055),
(45, 96, '2015-10-24 14:06:05', 0, 1056),
(46, 99, '2015-10-24 14:06:05', 0, 1057),
(47, 95, '2015-10-24 14:06:05', 0, 1058),
(48, 92, '2015-10-24 14:06:05', 0, 1059),
(49, 86, '2015-10-24 14:06:05', 0, 1060),
(50, 94, '2015-10-24 14:06:05', 0, 1061),
(1, 3, '2015-10-25 15:06:05', 0, 1062),
(2, 20, '2015-10-25 15:06:05', 0, 1063),
(3, 49, '2015-10-25 15:06:05', 0, 1064),
(4, 95, '2015-10-25 15:06:05', 0, 1065),
(5, 3, '2015-10-25 15:06:05', 0, 1066),
(6, 1, '2015-10-25 15:06:05', 0, 1067),
(7, 5, '2015-10-25 15:06:05', 0, 1068),
(8, 1, '2015-10-25 15:06:05', 0, 1069),
(9, 3, '2015-10-25 15:06:05', 0, 1070),
(10, 5, '2015-10-25 15:06:05', 0, 1071),
(11, 6, '2015-10-25 15:06:05', 0, 1072),
(12, 5, '2015-10-25 15:06:05', 0, 1073),
(13, 56, '2015-10-25 15:06:05', 0, 1074),
(14, 0, '2015-10-25 15:06:05', 0, 1075),
(15, 0, '2015-10-25 15:06:05', 0, 1076),
(16, 0, '2015-10-25 14:06:05', 0, 1077),
(17, 1, '2015-10-25 14:06:05', 0, 1078),
(18, 3, '2015-10-25 14:06:05', 0, 1079),
(19, 5, '2015-10-25 14:06:05', 0, 1080),
(20, 5, '2015-10-25 14:06:05', 0, 1081),
(21, 5, '2015-10-25 14:06:05', 0, 1082),
(22, 2, '2015-10-25 14:06:05', 0, 1083),
(23, 4, '2015-10-25 14:06:05', 0, 1084),
(24, 1, '2015-10-25 14:06:05', 0, 1085),
(25, 3, '2015-10-25 14:06:05', 0, 1086),
(26, 1, '2015-10-25 14:06:05', 0, 1087),
(27, 1, '2015-10-25 14:06:05', 0, 1088),
(28, 2, '2015-10-25 14:06:05', 0, 1089),
(29, 2, '2015-10-25 14:06:05', 0, 1090),
(30, 0, '2015-10-25 14:06:05', 0, 1091),
(31, 1, '2015-10-25 14:06:05', 0, 1092),
(32, 5, '2015-10-25 14:06:05', 0, 1093),
(33, 0, '2015-10-25 14:06:05', 0, 1094),
(34, 5, '2015-10-25 14:06:05', 0, 1095),
(35, 3, '2015-10-25 14:06:05', 0, 1096),
(36, 4, '2015-10-25 14:06:05', 0, 1097),
(37, 2, '2015-10-25 14:06:05', 0, 1098),
(38, 2, '2015-10-25 14:06:05', 0, 1099),
(39, 1, '2015-10-25 14:06:05', 0, 1100),
(40, 1, '2015-10-25 14:06:05', 0, 1101),
(41, 0, '2015-10-25 14:06:05', 0, 1102),
(42, 1, '2015-10-25 14:06:05', 0, 1103),
(43, 0, '2015-10-25 14:06:05', 0, 1104),
(44, 1, '2015-10-25 14:06:05', 0, 1105),
(45, 3, '2015-10-25 14:06:05', 0, 1106),
(46, 2, '2015-10-25 14:06:05', 0, 1107),
(47, 3, '2015-10-25 14:06:05', 0, 1108),
(48, 3, '2015-10-25 14:06:05', 0, 1109),
(49, 3, '2015-10-25 14:06:05', 0, 1110),
(50, 5, '2015-10-25 14:06:05', 0, 1111),
(1, 3, '2015-10-26 15:06:05', 0, 1112),
(2, 21, '2015-10-26 15:06:05', 0, 1113),
(3, 49, '2015-10-26 15:06:05', 0, 1114),
(4, 95, '2015-10-26 15:06:05', 0, 1115),
(5, 19, '2015-10-26 15:06:05', 0, 1116),
(6, 7, '2015-10-26 15:06:05', 0, 1117),
(7, 32, '2015-10-26 15:06:05', 0, 1118),
(8, 24, '2015-10-26 15:06:05', 0, 1119),
(9, 30, '2015-10-26 15:06:05', 0, 1120),
(10, 8, '2015-10-26 15:06:05', 0, 1121),
(11, 6, '2015-10-26 15:06:05', 0, 1122),
(12, 32, '2015-10-26 15:06:05', 0, 1123),
(13, 56, '2015-10-26 15:06:05', 0, 1124),
(14, 28, '2015-10-26 15:06:05', 0, 1125),
(15, 22, '2015-10-26 15:06:05', 0, 1126),
(16, 26, '2015-10-26 14:06:05', 0, 1127),
(17, 22, '2015-10-26 14:06:05', 0, 1128),
(18, 19, '2015-10-26 14:06:05', 0, 1129),
(19, 27, '2015-10-26 14:06:05', 0, 1130),
(20, 8, '2015-10-26 14:06:05', 0, 1131),
(21, 27, '2015-10-26 14:06:05', 0, 1132),
(22, 26, '2015-10-26 14:06:05', 0, 1133),
(23, 8, '2015-10-26 14:06:05', 0, 1134),
(24, 16, '2015-10-26 14:06:05', 0, 1135),
(25, 21, '2015-10-26 14:06:05', 0, 1136),
(26, 18, '2015-10-26 14:06:05', 0, 1137),
(27, 17, '2015-10-26 14:06:05', 0, 1138),
(28, 29, '2015-10-26 14:06:05', 0, 1139),
(29, 5, '2015-10-26 14:06:05', 0, 1140),
(30, 22, '2015-10-26 14:06:05', 0, 1141),
(31, 10, '2015-10-26 14:06:05', 0, 1142),
(32, 23, '2015-10-26 14:06:05', 0, 1143),
(33, 11, '2015-10-26 14:06:05', 0, 1144),
(34, 10, '2015-10-26 14:06:05', 0, 1145),
(35, 32, '2015-10-26 14:06:05', 0, 1146),
(36, 11, '2015-10-26 14:06:05', 0, 1147),
(37, 31, '2015-10-26 14:06:05', 0, 1148),
(38, 5, '2015-10-26 14:06:05', 0, 1149),
(39, 19, '2015-10-26 14:06:05', 0, 1150),
(40, 14, '2015-10-26 14:06:05', 0, 1151),
(41, 22, '2015-10-26 14:06:05', 0, 1152),
(42, 15, '2015-10-26 14:06:05', 0, 1153),
(43, 20, '2015-10-26 14:06:05', 0, 1154),
(44, 17, '2015-10-26 14:06:05', 0, 1155),
(45, 15, '2015-10-26 14:06:05', 0, 1156),
(46, 19, '2015-10-26 14:06:05', 0, 1157),
(47, 12, '2015-10-26 14:06:05', 0, 1158),
(48, 11, '2015-10-26 14:06:05', 0, 1159),
(49, 28, '2015-10-26 14:06:05', 0, 1160),
(50, 25, '2015-10-26 14:06:05', 0, 1161),
(1, 3, '2015-10-27 15:06:05', 0, 1162),
(2, 24, '2015-10-27 15:06:05', 0, 1163),
(3, 49, '2015-10-27 15:06:05', 0, 1164),
(4, 95, '2015-10-27 15:06:05', 0, 1165),
(5, 53, '2015-10-27 15:06:05', 0, 1166),
(6, 45, '2015-10-27 15:06:05', 0, 1167),
(7, 43, '2015-10-27 15:06:05', 0, 1168),
(8, 42, '2015-10-27 15:06:05', 0, 1169),
(9, 52, '2015-10-27 15:06:05', 0, 1170),
(10, 52, '2015-10-27 15:06:05', 0, 1171),
(11, 6, '2015-10-27 15:06:05', 0, 1172),
(12, 36, '2015-10-27 15:06:05', 0, 1173),
(13, 56, '2015-10-27 15:06:05', 0, 1174),
(14, 44, '2015-10-27 15:06:05', 0, 1175),
(15, 53, '2015-10-27 15:06:05', 0, 1176),
(16, 43, '2015-10-27 14:06:05', 0, 1177),
(17, 46, '2015-10-27 14:06:05', 0, 1178),
(18, 37, '2015-10-27 14:06:05', 0, 1179),
(19, 36, '2015-10-27 14:06:05', 0, 1180),
(20, 51, '2015-10-27 14:06:05', 0, 1181),
(21, 45, '2015-10-27 14:06:05', 0, 1182),
(22, 44, '2015-10-27 14:06:05', 0, 1183),
(23, 50, '2015-10-27 14:06:05', 0, 1184),
(24, 46, '2015-10-27 14:06:05', 0, 1185),
(25, 49, '2015-10-27 12:06:05', 0, 1186),
(26, 51, '2015-10-27 12:06:05', 0, 1187),
(27, 52, '2015-10-27 12:06:05', 0, 1188),
(28, 54, '2015-10-27 12:06:05', 0, 1189),
(29, 43, '2015-10-27 12:06:05', 0, 1190),
(30, 37, '2015-10-27 12:06:05', 0, 1191),
(31, 36, '2015-10-27 12:06:05', 0, 1192),
(32, 51, '2015-10-27 12:06:05', 0, 1193),
(33, 42, '2015-10-27 12:06:05', 0, 1194),
(34, 41, '2015-10-27 12:06:05', 0, 1195),
(35, 39, '2015-10-27 12:06:05', 0, 1196),
(36, 51, '2015-10-27 12:06:05', 0, 1197),
(37, 44, '2015-10-27 11:06:05', 0, 1198),
(38, 41, '2015-10-27 11:06:05', 0, 1199),
(39, 40, '2015-10-27 11:06:05', 0, 1200),
(40, 55, '2015-10-27 11:06:05', 0, 1201),
(41, 39, '2015-10-27 11:06:05', 0, 1202),
(42, 42, '2015-10-27 11:06:05', 0, 1203),
(43, 38, '2015-10-27 11:06:05', 0, 1204),
(44, 44, '2015-10-27 11:06:05', 0, 1205),
(45, 39, '2015-10-27 11:06:05', 0, 1206),
(46, 53, '2015-10-27 11:06:05', 0, 1207),
(47, 40, '2015-10-27 11:06:05', 0, 1208),
(48, 39, '2015-10-27 11:06:05', 0, 1209),
(49, 49, '2015-10-27 11:06:05', 0, 1210),
(50, 35, '2015-10-27 11:06:05', 0, 1211),
(1, 3, '2015-10-27 16:06:05', 0, 1212),
(2, 25, '2015-10-27 16:06:05', 0, 1213),
(3, 49, '2015-10-27 16:06:05', 0, 1214),
(4, 95, '2015-10-27 16:06:05', 0, 1215),
(5, 60, '2015-10-27 16:06:05', 0, 1216),
(6, 63, '2015-10-27 16:06:05', 0, 1217),
(7, 59, '2015-10-27 16:06:05', 0, 1218),
(8, 75, '2015-10-27 16:06:05', 0, 1219),
(9, 75, '2015-10-27 16:06:05', 0, 1220),
(10, 70, '2015-10-27 16:06:05', 0, 1221),
(11, 6, '2015-10-27 16:06:05', 0, 1222),
(12, 60, '2015-10-27 16:06:05', 0, 1223),
(13, 56, '2015-10-27 16:06:05', 0, 1224),
(14, 58, '2015-10-27 16:06:05', 0, 1225),
(15, 60, '2015-10-27 16:06:05', 0, 1226),
(16, 69, '2015-10-27 13:06:05', 0, 1227),
(17, 64, '2015-10-27 13:06:05', 0, 1228),
(18, 56, '2015-10-27 13:06:05', 0, 1229),
(19, 74, '2015-10-27 13:06:05', 0, 1230),
(20, 74, '2015-10-27 13:06:05', 0, 1231),
(21, 61, '2015-10-27 13:06:05', 0, 1232),
(22, 62, '2015-10-27 13:06:05', 0, 1233),
(23, 71, '2015-10-27 13:06:05', 0, 1234),
(24, 57, '2015-10-27 13:06:05', 0, 1235),
(25, 66, '2015-10-27 13:06:05', 0, 1236),
(26, 57, '2015-10-27 13:06:05', 0, 1237),
(27, 61, '2015-10-27 13:06:05', 0, 1238),
(28, 57, '2015-10-27 13:06:05', 0, 1239),
(29, 66, '2015-10-27 13:06:05', 0, 1240),
(30, 59, '2015-10-27 13:06:05', 0, 1241),
(31, 73, '2015-10-27 13:06:05', 0, 1242),
(32, 58, '2015-10-27 13:06:05', 0, 1243),
(33, 55, '2015-10-27 13:06:05', 0, 1244),
(34, 72, '2015-10-27 13:06:05', 0, 1245),
(35, 64, '2015-10-27 13:06:05', 0, 1246),
(36, 75, '2015-10-27 13:06:05', 0, 1247),
(37, 56, '2015-10-27 12:06:05', 0, 1248),
(38, 65, '2015-10-27 12:06:05', 0, 1249),
(39, 65, '2015-10-27 12:06:05', 0, 1250),
(40, 72, '2015-10-27 12:06:05', 0, 1251),
(41, 65, '2015-10-27 12:06:05', 0, 1252),
(42, 64, '2015-10-27 12:06:05', 0, 1253),
(43, 75, '2015-10-27 12:06:05', 0, 1254),
(44, 68, '2015-10-27 12:06:05', 0, 1255),
(45, 75, '2015-10-27 12:06:05', 0, 1256),
(46, 59, '2015-10-27 12:06:05', 0, 1257),
(47, 64, '2015-10-27 12:06:05', 0, 1258),
(48, 62, '2015-10-27 12:06:05', 0, 1259),
(49, 63, '2015-10-27 12:06:05', 0, 1260),
(50, 70, '2015-10-27 12:06:05', 0, 1261),
(35, 83, '2015-10-27 20:33:48', 0, 1262),
(36, 98, '2015-10-27 20:33:58', 0, 1263),
(37, 90, '2015-10-27 20:34:08', 0, 1264),
(38, 84, '2015-10-27 20:34:18', 0, 1265),
(39, 82, '2015-10-27 20:34:28', 0, 1266),
(40, 92, '2015-10-27 20:34:38', 0, 1267),
(41, 76, '2015-10-27 20:34:48', 0, 1268),
(42, 76, '2015-10-27 20:34:58', 0, 1269),
(43, 81, '2015-10-27 20:35:08', 0, 1270),
(44, 75, '2015-10-27 20:35:18', 0, 1271),
(45, 96, '2015-10-27 20:35:29', 0, 1272),
(52, 24, '2015-10-29 23:49:50', 0, 1375),
(52, 0, '2015-10-30 00:36:27', 0, 1376),
(52, 0, '2015-10-30 01:32:16', 0, 1377),
(52, 88, '2015-10-30 02:23:34', 0, 1378),
(52, 0, '2015-10-30 03:20:33', 0, 1379),
(52, 0, '2015-10-30 03:21:37', 0, 1380),
(52, 0, '2015-10-30 03:22:45', 0, 1381),
(52, 0, '2015-10-30 03:23:50', 0, 1382),
(52, 0, '2015-10-30 03:24:59', 0, 1383),
(52, 0, '2015-10-30 03:26:06', 0, 1384),
(52, 93, '2015-10-30 03:27:08', 0, 1385),
(52, 94, '2015-10-30 03:28:13', 0, 1386),
(52, 95, '2015-10-30 03:29:16', 0, 1388),
(52, 77, '2015-10-30 07:03:41', 0, 1389),
(52, 76, '2015-10-30 07:04:16', 0, 1390),
(52, 94, '2015-10-30 07:04:51', 0, 1391),
(52, 94, '2015-10-30 07:05:23', 0, 1392),
(52, 94, '2015-10-30 07:06:00', 0, 1393),
(52, 94, '2015-10-30 07:06:32', 0, 1394),
(52, 93, '2015-10-30 07:07:13', 0, 1395),
(52, 93, '2015-10-30 07:07:46', 0, 1396),
(52, 93, '2015-10-30 07:08:20', 0, 1397),
(52, 0, '2015-10-30 07:08:55', 0, 1398),
(52, 92, '2015-10-30 07:09:27', 0, 1399),
(52, 93, '2015-10-30 07:10:05', 0, 1400),
(52, 93, '2015-10-30 07:10:40', 0, 1401),
(52, 93, '2015-10-30 07:12:50', 0, 1402),
(52, 93, '2015-10-30 07:13:27', 0, 1403),
(52, 93, '2015-10-30 07:14:01', 0, 1404),
(52, 91, '2015-10-30 07:16:36', 0, 1405),
(52, 77, '2015-10-30 07:19:01', 0, 1406),
(52, 77, '2015-10-30 07:19:37', 0, 1407),
(52, 77, '2015-10-30 07:20:11', 0, 1408),
(52, 91, '2015-10-30 08:25:31', 0, 1409),
(52, 68, '2015-10-30 08:27:14', 0, 1410),
(52, 6, '2015-10-30 08:28:31', 0, 1411),
(52, 30, '2015-10-30 08:29:09', 0, 1412),
(52, 30, '2015-10-30 08:29:44', 0, 1413),
(52, 89, '2015-10-30 08:30:19', 0, 1414),
(52, 73, '2015-10-30 08:30:52', 0, 1415),
(52, 6, '2015-10-30 08:31:54', 0, 1416),
(52, 6, '2015-10-30 08:32:31', 0, 1417),
(52, 74, '2015-10-30 08:36:06', 0, 1418),
(52, 39, '2015-10-30 08:37:14', 0, 1419);
INSERT INTO `smartbinfilllevel` (`BinId`, `FillLevel`, `TimeStamp`, `isValid`, `EntryId`) VALUES
(52, 52, '2015-10-30 08:37:46', 0, 1420),
(52, 5, '2015-10-30 08:38:20', 0, 1421),
(52, 6, '2015-10-30 08:38:57', 0, 1422),
(52, 6, '2015-10-30 08:39:30', 0, 1423),
(52, 5, '2015-10-30 08:40:08', 0, 1424),
(52, 6, '2015-10-30 08:40:48', 0, 1425),
(52, 6, '2015-10-30 08:45:52', 0, 1426),
(52, 6, '2015-10-30 08:46:29', 0, 1427),
(52, 6, '2015-10-30 08:47:10', 0, 1428),
(52, 6, '2015-10-30 08:47:52', 0, 1429),
(52, 5, '2015-10-30 08:57:23', 0, 1430),
(52, 32, '2015-10-30 09:37:32', 0, 1431),
(52, 32, '2015-10-30 09:38:05', 0, 1432),
(52, 32, '2015-10-30 09:38:37', 0, 1433),
(52, 32, '2015-10-30 09:43:08', 0, 1434),
(52, 32, '2015-10-30 09:43:41', 0, 1435),
(52, 0, '2015-10-30 09:44:13', 0, 1436),
(52, 0, '2015-10-30 09:44:46', 0, 1437),
(52, 39, '2015-10-30 09:45:52', 0, 1439),
(52, 0, '2015-10-30 09:46:24', 0, 1440),
(52, 0, '2015-10-30 09:45:18', 0, 1441),
(52, 0, '2015-10-30 09:46:59', 0, 1442),
(52, 0, '2015-10-30 09:47:35', 0, 1443),
(52, 0, '2015-10-30 09:48:09', 0, 1444),
(52, 0, '2015-10-30 09:48:42', 0, 1445),
(52, 0, '2015-10-30 09:49:16', 0, 1446),
(52, 0, '2015-10-30 09:49:49', 0, 1447),
(52, 0, '2015-10-30 09:50:26', 0, 1448),
(52, 0, '2015-10-30 09:50:58', 0, 1449),
(52, 0, '2015-10-30 09:51:32', 0, 1450),
(52, 0, '2015-10-30 09:52:11', 0, 1451),
(52, 0, '2015-10-30 09:52:45', 0, 1452),
(52, 0, '2015-10-30 09:53:16', 0, 1453),
(52, 0, '2015-10-30 09:53:48', 0, 1454),
(52, 0, '2015-10-30 09:54:20', 0, 1455),
(52, 0, '2015-10-30 09:54:52', 0, 1456),
(52, 0, '2015-10-30 09:55:25', 0, 1457),
(52, 0, '2015-10-30 09:55:58', 0, 1458),
(52, 2, '2015-10-30 09:56:31', 0, 1459),
(52, 0, '2015-10-30 09:57:06', 0, 1460),
(52, 0, '2015-10-30 09:57:41', 0, 1461),
(52, 0, '2015-10-30 09:58:13', 0, 1462),
(52, 0, '2015-10-30 09:58:48', 0, 1463),
(52, 0, '2015-10-30 09:59:23', 0, 1464),
(52, 0, '2015-10-30 09:59:58', 0, 1465),
(52, 0, '2015-10-30 10:00:30', 0, 1466),
(52, 30, '2015-10-30 10:01:03', 0, 1467),
(52, 30, '2015-10-30 10:01:35', 0, 1468),
(52, 29, '2015-10-30 10:02:12', 0, 1469),
(52, 28, '2015-10-30 10:02:44', 0, 1470),
(52, 0, '2015-10-30 10:03:24', 0, 1471),
(52, 0, '2015-10-30 10:03:56', 0, 1472),
(52, 0, '2015-10-30 10:05:59', 0, 1473),
(52, 0, '2015-10-30 10:06:36', 0, 1474),
(52, 0, '2015-10-30 10:07:09', 0, 1475),
(52, 26, '2015-10-30 10:08:13', 0, 1477),
(52, 29, '2015-10-30 10:07:40', 0, 1478),
(52, 27, '2015-10-30 10:08:47', 0, 1479),
(52, 29, '2015-10-30 10:09:18', 0, 1480),
(52, 28, '2015-10-30 10:09:50', 0, 1481),
(52, 0, '2015-10-30 10:10:22', 0, 1482),
(52, 1, '2015-10-30 10:13:53', 0, 1483),
(52, 0, '2015-10-30 10:14:28', 0, 1484),
(52, 0, '2015-10-30 10:15:01', 0, 1485),
(52, 0, '2015-10-30 10:15:36', 0, 1486),
(52, 0, '2015-10-30 10:16:10', 0, 1487),
(52, 0, '2015-10-30 10:16:43', 0, 1488),
(52, 0, '2015-10-30 10:17:17', 0, 1489),
(52, 0, '2015-10-30 10:17:54', 0, 1490),
(52, 0, '2015-10-30 10:18:31', 0, 1491),
(52, 0, '2015-10-30 10:19:05', 0, 1492),
(52, 0, '2015-10-30 10:19:38', 0, 1493),
(52, 0, '2015-10-30 10:20:16', 0, 1494),
(52, 0, '2015-10-30 10:20:50', 0, 1495),
(52, 0, '2015-10-30 10:21:24', 0, 1496),
(52, 0, '2015-10-30 10:21:56', 0, 1497),
(52, 0, '2015-10-30 10:22:31', 0, 1498),
(52, 0, '2015-10-30 10:23:06', 0, 1499),
(52, 0, '2015-10-30 10:23:39', 0, 1500),
(52, 0, '2015-10-30 10:24:11', 0, 1501),
(52, 0, '2015-10-30 10:24:48', 0, 1502),
(52, 0, '2015-10-30 10:25:23', 0, 1503),
(52, 0, '2015-10-30 10:25:57', 0, 1504),
(52, 0, '2015-10-30 10:26:30', 0, 1505),
(52, 0, '2015-10-30 10:27:08', 0, 1506),
(52, 0, '2015-10-30 10:27:40', 0, 1507),
(52, 0, '2015-10-30 10:28:14', 0, 1508),
(52, 0, '2015-10-30 10:28:50', 0, 1509),
(52, 0, '2015-10-30 10:29:24', 0, 1510),
(52, 92, '2015-10-30 10:32:08', 0, 1511),
(52, 92, '2015-10-30 10:32:41', 0, 1512),
(1, 3, '2015-10-31 11:25:21', 0, 1513),
(2, 26, '2015-10-31 11:25:21', 0, 1514),
(3, 49, '2015-10-31 11:25:21', 0, 1515),
(4, 95, '2015-10-31 11:25:21', 0, 1516),
(5, 7, '2015-10-31 11:25:21', 0, 1517),
(6, 9, '2015-10-31 11:25:21', 0, 1518),
(7, 5, '2015-10-31 11:25:21', 0, 1519),
(8, 7, '2015-10-31 11:25:22', 0, 1520),
(9, 5, '2015-10-31 11:25:22', 0, 1521),
(10, 9, '2015-10-31 11:25:22', 0, 1522),
(11, 6, '2015-10-31 11:25:22', 0, 1523),
(12, 10, '2015-10-31 11:25:22', 0, 1524),
(13, 56, '2015-10-31 11:25:22', 0, 1525),
(14, 0, '2015-10-31 11:25:22', 0, 1526),
(15, 5, '2015-10-31 11:25:22', 0, 1527),
(16, 9, '2015-10-31 11:25:22', 0, 1528),
(17, 6, '2015-10-31 11:25:22', 0, 1529),
(18, 5, '2015-10-31 11:25:22', 0, 1530),
(19, 3, '2015-10-31 11:25:22', 0, 1531),
(20, 0, '2015-10-31 11:25:22', 0, 1532),
(21, 10, '2015-10-31 11:25:22', 0, 1533),
(22, 10, '2015-10-31 11:25:22', 0, 1534),
(23, 1, '2015-10-31 11:25:22', 0, 1535),
(24, 10, '2015-10-31 11:25:22', 0, 1536),
(25, 5, '2015-10-31 11:25:22', 0, 1537),
(26, 2, '2015-10-31 11:25:22', 0, 1538),
(27, 3, '2015-10-31 11:25:22', 0, 1539),
(28, 3, '2015-10-31 11:25:22', 0, 1540),
(29, 6, '2015-10-31 11:25:22', 0, 1541),
(30, 8, '2015-10-31 11:25:22', 0, 1542),
(31, 7, '2015-10-31 11:25:22', 0, 1543),
(32, 6, '2015-10-31 11:25:22', 0, 1544),
(33, 3, '2015-10-31 11:25:22', 0, 1545),
(34, 2, '2015-10-31 11:25:22', 0, 1546),
(35, 5, '2015-10-31 11:25:22', 0, 1547),
(36, 10, '2015-10-31 11:25:22', 0, 1548),
(37, 1, '2015-10-31 11:25:22', 0, 1549),
(38, 4, '2015-10-31 11:25:22', 0, 1550),
(39, 2, '2015-10-31 11:25:22', 0, 1551),
(40, 2, '2015-10-31 11:25:22', 0, 1552),
(41, 4, '2015-10-31 11:25:22', 0, 1553),
(42, 7, '2015-10-31 11:25:22', 0, 1554),
(43, 1, '2015-10-31 11:25:22', 0, 1555),
(44, 6, '2015-10-31 11:25:22', 0, 1556),
(45, 10, '2015-10-31 11:25:22', 0, 1557),
(46, 5, '2015-10-31 11:25:22', 0, 1558),
(47, 6, '2015-10-31 11:25:22', 0, 1559),
(48, 4, '2015-10-31 11:25:22', 0, 1560),
(49, 1, '2015-10-31 11:25:22', 0, 1561),
(50, 10, '2015-10-31 11:25:22', 0, 1562),
(1, 3, '2015-10-31 11:35:21', 0, 1563),
(2, 27, '2015-10-31 11:35:21', 0, 1564),
(3, 49, '2015-10-31 11:35:21', 0, 1565),
(4, 95, '2015-10-31 11:35:21', 0, 1566),
(5, 6, '2015-10-31 11:35:21', 0, 1567),
(6, 3, '2015-10-31 11:35:21', 0, 1568),
(7, 6, '2015-10-31 11:35:21', 0, 1569),
(8, 3, '2015-10-31 11:35:21', 0, 1570),
(9, 4, '2015-10-31 11:35:21', 0, 1571),
(10, 8, '2015-10-31 11:35:21', 0, 1572),
(11, 6, '2015-10-31 11:35:21', 0, 1573),
(12, 2, '2015-10-31 11:35:21', 0, 1574),
(13, 56, '2015-10-31 11:35:22', 0, 1575),
(14, 4, '2015-10-31 11:35:22', 0, 1576),
(15, 9, '2015-10-31 11:35:22', 0, 1577),
(16, 8, '2015-10-31 11:35:22', 0, 1578),
(17, 5, '2015-10-31 11:35:22', 0, 1579),
(18, 8, '2015-10-31 11:35:22', 0, 1580),
(19, 4, '2015-10-31 11:35:22', 0, 1581),
(20, 1, '2015-10-31 11:35:22', 0, 1582),
(21, 7, '2015-10-31 11:35:22', 0, 1583),
(22, 0, '2015-10-31 11:35:22', 0, 1584),
(23, 6, '2015-10-31 11:35:22', 0, 1585),
(24, 4, '2015-10-31 11:35:22', 0, 1586),
(25, 9, '2015-10-31 11:35:22', 0, 1587),
(26, 2, '2015-10-31 11:35:22', 0, 1588),
(27, 5, '2015-10-31 11:35:22', 0, 1589),
(28, 7, '2015-10-31 11:35:22', 0, 1590),
(29, 9, '2015-10-31 11:35:22', 0, 1591),
(30, 5, '2015-10-31 11:35:22', 0, 1592),
(31, 9, '2015-10-31 11:35:22', 0, 1593),
(32, 9, '2015-10-31 11:35:22', 0, 1594),
(33, 4, '2015-10-31 11:35:22', 0, 1595),
(34, 7, '2015-10-31 11:35:22', 0, 1596),
(35, 5, '2015-10-31 11:35:22', 0, 1597),
(36, 9, '2015-10-31 11:35:22', 0, 1598),
(37, 8, '2015-10-31 11:35:22', 0, 1599),
(38, 5, '2015-10-31 11:35:22', 0, 1600),
(39, 8, '2015-10-31 11:35:22', 0, 1601),
(40, 7, '2015-10-31 11:35:22', 0, 1602),
(41, 10, '2015-10-31 11:35:22', 0, 1603),
(42, 10, '2015-10-31 11:35:22', 0, 1604),
(43, 8, '2015-10-31 11:35:22', 0, 1605),
(44, 2, '2015-10-31 11:35:22', 0, 1606),
(45, 10, '2015-10-31 11:35:22', 0, 1607),
(46, 6, '2015-10-31 11:35:22', 0, 1608),
(47, 8, '2015-10-31 11:35:22', 0, 1609),
(48, 3, '2015-10-31 11:35:22', 0, 1610),
(49, 3, '2015-10-31 11:35:22', 0, 1611),
(50, 7, '2015-10-31 11:35:22', 0, 1612),
(1, 3, '2015-10-31 11:45:21', 0, 1613),
(2, 28, '2015-10-31 11:45:21', 0, 1614),
(3, 49, '2015-10-31 11:45:21', 0, 1615),
(4, 95, '2015-10-31 11:45:21', 0, 1616),
(5, 4, '2015-10-31 11:45:21', 0, 1617),
(6, 2, '2015-10-31 11:45:21', 0, 1618),
(7, 10, '2015-10-31 11:45:21', 0, 1619),
(8, 10, '2015-10-31 11:45:21', 0, 1620),
(9, 9, '2015-10-31 11:45:21', 0, 1621),
(10, 5, '2015-10-31 11:45:21', 0, 1622),
(11, 6, '2015-10-31 11:45:21', 0, 1623),
(12, 7, '2015-10-31 11:45:21', 0, 1624),
(13, 56, '2015-10-31 11:45:21', 0, 1625),
(14, 4, '2015-10-31 11:45:21', 0, 1626),
(15, 4, '2015-10-31 11:45:21', 0, 1627),
(16, 4, '2015-10-31 11:45:22', 0, 1628),
(17, 8, '2015-10-31 11:45:22', 0, 1629),
(18, 5, '2015-10-31 11:45:22', 0, 1630),
(19, 1, '2015-10-31 11:45:22', 0, 1631),
(20, 6, '2015-10-31 11:45:22', 0, 1632),
(21, 10, '2015-10-31 11:45:22', 0, 1633),
(22, 4, '2015-10-31 11:45:22', 0, 1634),
(23, 5, '2015-10-31 11:45:22', 0, 1635),
(24, 8, '2015-10-31 11:45:22', 0, 1636),
(25, 2, '2015-10-31 11:45:22', 0, 1637),
(26, 1, '2015-10-31 11:45:22', 0, 1638),
(27, 1, '2015-10-31 11:45:22', 0, 1639),
(28, 8, '2015-10-31 11:45:22', 0, 1640),
(29, 7, '2015-10-31 11:45:22', 0, 1641),
(30, 6, '2015-10-31 11:45:22', 0, 1642),
(31, 10, '2015-10-31 11:45:22', 0, 1643),
(32, 0, '2015-10-31 11:45:22', 0, 1644),
(33, 5, '2015-10-31 11:45:22', 0, 1645),
(34, 7, '2015-10-31 11:45:22', 0, 1646),
(35, 2, '2015-10-31 11:45:22', 1, 1647),
(36, 6, '2015-10-31 11:45:22', 0, 1648),
(37, 2, '2015-10-31 11:45:22', 0, 1649),
(38, 0, '2015-10-31 11:45:22', 0, 1650),
(39, 5, '2015-10-31 11:45:22', 0, 1651),
(40, 1, '2015-10-31 11:45:22', 0, 1652),
(41, 5, '2015-10-31 11:45:22', 0, 1653),
(42, 7, '2015-10-31 11:45:22', 0, 1654),
(43, 9, '2015-10-31 11:45:22', 0, 1655),
(44, 2, '2015-10-31 11:45:22', 0, 1656),
(45, 10, '2015-10-31 11:45:22', 0, 1657),
(46, 0, '2015-10-31 11:45:22', 0, 1658),
(47, 4, '2015-10-31 11:45:22', 0, 1659),
(48, 5, '2015-10-31 11:45:22', 0, 1660),
(49, 6, '2015-10-31 11:45:22', 0, 1661),
(50, 8, '2015-10-31 11:45:22', 0, 1662),
(52, 100, '2015-10-31 06:07:55', 0, 1663),
(52, 60, '2015-10-31 06:08:31', 0, 1664),
(52, 56, '2015-10-31 06:11:38', 1, 1665),
(1, 3, '2015-10-31 11:55:21', 0, 1666),
(2, 30, '2015-10-31 11:55:21', 0, 1667),
(3, 49, '2015-10-31 11:55:21', 0, 1668),
(4, 95, '2015-10-31 11:55:21', 0, 1669),
(5, 59, '2015-10-31 11:55:21', 0, 1670),
(6, 65, '2015-10-31 11:55:21', 0, 1671),
(7, 65, '2015-10-31 11:55:21', 0, 1672),
(8, 60, '2015-10-31 11:55:21', 0, 1673),
(9, 74, '2015-10-31 11:55:21', 0, 1674),
(10, 70, '2015-10-31 11:55:21', 0, 1675),
(12, 69, '2015-10-31 11:55:21', 0, 1676),
(13, 56, '2015-10-31 11:55:21', 0, 1677),
(14, 63, '2015-10-31 11:55:21', 0, 1678),
(15, 66, '2015-10-31 11:55:21', 0, 1679),
(17, 67, '2015-10-31 11:55:22', 0, 1680),
(18, 62, '2015-10-31 11:55:22', 0, 1681),
(19, 59, '2015-10-31 11:55:22', 0, 1682),
(20, 60, '2015-10-31 11:55:22', 0, 1683),
(21, 57, '2015-10-31 11:55:22', 1, 1684),
(22, 74, '2015-10-31 11:55:22', 0, 1685),
(23, 57, '2015-10-31 11:55:22', 0, 1686),
(24, 59, '2015-10-31 11:55:22', 0, 1687),
(25, 70, '2015-10-31 11:55:22', 0, 1688),
(26, 62, '2015-10-31 11:55:22', 0, 1689),
(27, 57, '2015-10-31 11:55:22', 0, 1690),
(28, 68, '2015-10-31 11:55:22', 0, 1691),
(29, 75, '2015-10-31 11:55:22', 0, 1692),
(30, 61, '2015-10-31 11:55:22', 0, 1693),
(31, 62, '2015-10-31 11:55:22', 0, 1694),
(33, 58, '2015-10-31 11:55:22', 0, 1695),
(36, 69, '2015-10-31 11:55:22', 0, 1696),
(37, 74, '2015-10-31 11:55:22', 0, 1697),
(38, 74, '2015-10-31 11:55:22', 0, 1698),
(40, 72, '2015-10-31 11:55:22', 0, 1699),
(41, 76, '2015-10-31 11:55:22', 0, 1700),
(42, 59, '2015-10-31 11:55:22', 0, 1701),
(43, 58, '2015-10-31 11:55:22', 0, 1702),
(44, 59, '2015-10-31 11:55:22', 0, 1703),
(45, 61, '2015-10-31 11:55:22', 0, 1704),
(46, 73, '2015-10-31 11:55:22', 0, 1705),
(47, 69, '2015-10-31 11:55:22', 0, 1706),
(48, 63, '2015-10-31 11:55:22', 0, 1707),
(49, 59, '2015-10-31 11:55:22', 0, 1708),
(50, 75, '2015-10-31 11:55:22', 0, 1709),
(1, 3, '2015-10-31 12:05:21', 1, 1710),
(2, 30, '2015-10-31 12:05:21', 1, 1711),
(3, 49, '2015-10-31 12:05:21', 1, 1712),
(4, 95, '2015-10-31 12:05:21', 1, 1713),
(5, 76, '2015-10-31 12:05:21', 1, 1714),
(6, 64, '2015-10-31 12:05:21', 1, 1715),
(7, 6, '2015-10-31 12:05:21', 1, 1716),
(8, 75, '2015-10-31 12:05:21', 1, 1717),
(9, 76, '2015-10-31 12:05:21', 1, 1718),
(10, 62, '2015-10-31 12:05:21', 1, 1719),
(11, 6, '2015-10-31 12:05:21', 1, 1720),
(12, 57, '2015-10-31 12:05:21', 1, 1721),
(13, 56, '2015-10-31 12:05:21', 1, 1722),
(14, 64, '2015-10-31 12:05:22', 1, 1723),
(15, 62, '2015-10-31 12:05:22', 1, 1724),
(16, 65, '2015-10-31 12:05:22', 1, 1725),
(17, 71, '2015-10-31 12:05:22', 1, 1726),
(18, 63, '2015-10-31 12:05:22', 1, 1727),
(19, 74, '2015-10-31 12:05:22', 1, 1728),
(20, 57, '2015-10-31 12:05:22', 1, 1729),
(22, 58, '2015-10-31 12:05:22', 1, 1730),
(23, 57, '2015-10-31 12:05:22', 1, 1731),
(24, 69, '2015-10-31 12:05:22', 1, 1732),
(25, 61, '2015-10-31 12:05:22', 1, 1733),
(26, 75, '2015-10-31 12:05:22', 1, 1734),
(27, 68, '2015-10-31 12:05:22', 1, 1735),
(28, 67, '2015-10-31 12:05:22', 1, 1736),
(29, 64, '2015-10-31 12:05:22', 1, 1737),
(30, 58, '2015-10-31 12:05:22', 1, 1738),
(31, 58, '2015-10-31 12:05:22', 1, 1739),
(32, 68, '2015-10-31 12:05:22', 1, 1740),
(33, 75, '2015-10-31 12:05:22', 1, 1741),
(34, 68, '2015-10-31 12:05:22', 1, 1742),
(36, 61, '2015-10-31 12:05:22', 1, 1743),
(37, 63, '2015-10-31 12:05:22', 1, 1744),
(38, 70, '2015-10-31 12:05:22', 1, 1745),
(39, 70, '2015-10-31 12:05:22', 1, 1746),
(40, 73, '2015-10-31 12:05:22', 1, 1747),
(41, 59, '2015-10-31 12:05:22', 1, 1748),
(42, 72, '2015-10-31 12:05:22', 1, 1749),
(43, 58, '2015-10-31 12:05:22', 1, 1750),
(44, 65, '2015-10-31 12:05:22', 1, 1751),
(45, 64, '2015-10-31 12:05:22', 1, 1752),
(46, 63, '2015-10-31 12:05:22', 1, 1753),
(47, 71, '2015-10-31 12:05:22', 1, 1754),
(48, 75, '2015-10-31 12:05:22', 1, 1755),
(49, 62, '2015-10-31 12:05:22', 1, 1756),
(50, 65, '2015-10-31 12:05:22', 1, 1757);

-- --------------------------------------------------------

--
-- Table structure for table `state`
--

CREATE TABLE IF NOT EXISTS `state` (
  `stateId` int(32) unsigned NOT NULL AUTO_INCREMENT,
  `state` varchar(64) NOT NULL,
  PRIMARY KEY (`stateId`)
) ENGINE=InnoDB  DEFAULT CHARSET=latin1 AUTO_INCREMENT=12 ;

--
-- Dumping data for table `state`
--

INSERT INTO `state` (`stateId`, `state`) VALUES
(1, 'Kerala'),
(2, 'Karnataka'),
(3, 'Tamil Nadu'),
(11, 'Punjab');

-- --------------------------------------------------------

--
-- Table structure for table `user`
--

CREATE TABLE IF NOT EXISTS `user` (
  `userId` varchar(32) NOT NULL,
  `password` varchar(64) NOT NULL,
  `phone` bigint(12) NOT NULL,
  `email` varchar(64) NOT NULL,
  `userPriviledge` varchar(64) NOT NULL,
  PRIMARY KEY (`userId`),
  UNIQUE KEY `userId` (`userId`)
) ENGINE=InnoDB DEFAULT CHARSET=latin1;

--
-- Dumping data for table `user`
--

INSERT INTO `user` (`userId`, `password`, `phone`, `email`, `userPriviledge`) VALUES
('savitha', 'susan', 9900506092, 'savitha.bijoy@emc.com', ''),
('savithas', 'susan', 9900506092, 'savitha.bijoy@emc.com', '');

--
-- Constraints for dumped tables
--

--
-- Constraints for table `area`
--
ALTER TABLE `area`
  ADD CONSTRAINT `fk_cityId` FOREIGN KEY (`cityId`) REFERENCES `city` (`CityId`) ON DELETE CASCADE ON UPDATE CASCADE;

--
-- Constraints for table `city`
--
ALTER TABLE `city`
  ADD CONSTRAINT `fk_stateId` FOREIGN KEY (`stateId`) REFERENCES `state` (`stateId`) ON DELETE CASCADE;

--
-- Constraints for table `smartbin`
--
ALTER TABLE `smartbin`
  ADD CONSTRAINT `smartbin_ibfk_1` FOREIGN KEY (`AreaId`) REFERENCES `area` (`areaId`) ON DELETE CASCADE ON UPDATE CASCADE;

--
-- Constraints for table `smartbinfilllevel`
--
ALTER TABLE `smartbinfilllevel`
  ADD CONSTRAINT `fk_binId` FOREIGN KEY (`BinId`) REFERENCES `smartbin` (`BinId`);

/*!40101 SET CHARACTER_SET_CLIENT=@OLD_CHARACTER_SET_CLIENT */;
/*!40101 SET CHARACTER_SET_RESULTS=@OLD_CHARACTER_SET_RESULTS */;
/*!40101 SET COLLATION_CONNECTION=@OLD_COLLATION_CONNECTION */;
